scenario,cust_bill_W01_mean,cust_bill_W02_mean,cust_bill_W03_mean,cust_bill_W04_mean,cust_bill_W05_mean,cust_bill_W06_mean,cust_bill_W07_mean,cust_bill_W08_mean,cust_bill_W09_mean,cust_bill_W10_mean,cust_bill_W11_mean,cust_bill_W12_mean,cust_bill_W13_mean,cust_bill_W14_mean,cust_bill_W15_mean,cust_bill_W16_mean,cust_bill_W17_mean,cust_bill_W18_mean,cust_bill_W19_mean,cust_bill_W20_mean,cust_bill_W21_mean,cust_bill_W22_mean,cust_bill_W23_mean,cust_bill_W24_mean,cust_bill_W25_mean,cust_bill_W26_A_mean,cust_bill_W27_mean,cust_bill_W28_mean,cust_bill_W29_mean,cust_bill_W30_A_mean,cust_bill_W30_A_std,cust_bill_W31_A_mean,cust_bill_W31_A_std,cust_bill_W32_A_mean,cust_bill_W32_A_std,cust_bill_W33_A_mean,cust_bill_W33_A_std,cust_bill_W34_A_mean,cust_bill_W34_A_std,cust_bill_W35_A_mean,cust_bill_W35_A_std,cust_bill_W36_A_mean,cust_bill_W36_A_std,cust_bill_W37_A_mean,cust_bill_W37_A_std,cust_bill_W38_A_mean,cust_bill_W38_A_std,cust_bill_W39_A_mean,cust_bill_W39_A_std,cust_bill_W40_A_mean,cust_bill_W40_A_std,cust_bill_W41_A_mean,cust_bill_W41_A_std,cust_bill_W42_A_mean,cust_bill_W42_A_std,cust_bill_W43_A_mean,cust_bill_W43_A_std,cust_bill_W44_A_mean,cust_bill_W44_A_std,cust_bill_W45_A_mean,cust_bill_W45_A_std,cust_bill_W46_A_mean,cust_bill_W46_A_std,cust_bill_W47_A_mean,cust_bill_W47_A_std,cust_bill_W48_A_mean,cust_bill_W48_A_std,cust_bill_W49_A_mean,cust_bill_W49_A_std,cust_bill_W50_A_mean,cust_bill_W50_A_std,cust_bill_W51_A_mean,cust_bill_W51_A_std,cust_bill_W52_A_mean,cust_bill_W52_A_std,cust_bill_W53_A_mean,cust_bill_W53_A_std,cust_bill_W54_A_mean,cust_bill_W54_A_std,cust_bill_W55_A_mean,cust_bill_W55_A_std,cust_bill_W56_A_mean,cust_bill_W56_A_std,cust_bill_W57_A_mean,cust_bill_W57_A_std,cust_bill_W58_A_mean,cust_bill_W58_A_std,cust_bill_W59_A_mean,cust_bill_W59_A_std,cust_bill_W60_A_mean,cust_bill_W60_A_std,cust_bill_W61_A_mean,cust_bill_W61_A_std,cust_bill_W62_A_mean,cust_bill_W62_A_std,cust_bill_W63_A_mean,cust_bill_W63_A_std,cust_bill_W64_A_mean,cust_bill_W64_A_std,cust_bill_W65_A_mean,cust_bill_W65_A_std,cust_bill_W66_A_mean,cust_bill_W66_A_std,cust_bill_W67_A_mean,cust_bill_W67_A_std,cust_bill_W68_A_mean,cust_bill_W68_A_std,cust_bill_W69_A_mean,cust_bill_W69_A_std,cust_bill_W70_A_mean,cust_bill_W70_A_std,cust_bill_W71_A_mean,cust_bill_W71_A_std,cust_bill_W72_A_mean,cust_bill_W72_A_std,cust_solar_bill_W01_mean,cust_solar_bill_W01_std,cust_solar_bill_W02_mean,cust_solar_bill_W02_std,cust_solar_bill_W03_mean,cust_solar_bill_W03_std,cust_solar_bill_W04_mean,cust_solar_bill_W04_std,cust_solar_bill_W05_mean,cust_solar_bill_W05_std,cust_solar_bill_W06_mean,cust_solar_bill_W06_std,cust_solar_bill_W07_mean,cust_solar_bill_W07_std,cust_solar_bill_W08_mean,cust_solar_bill_W08_std,cust_solar_bill_W09_mean,cust_solar_bill_W09_std,cust_solar_bill_W10_mean,cust_solar_bill_W10_std,cust_solar_bill_W11_mean,cust_solar_bill_W11_std,cust_solar_bill_W12_mean,cust_solar_bill_W12_std,cust_solar_bill_W13_mean,cust_solar_bill_W13_std,cust_solar_bill_W14_mean,cust_solar_bill_W14_std,cust_solar_bill_W15_mean,cust_solar_bill_W15_std,cust_solar_bill_W16_mean,cust_solar_bill_W16_std,cust_solar_bill_W17_mean,cust_solar_bill_W17_std,cust_solar_bill_W18_mean,cust_solar_bill_W18_std,cust_solar_bill_W19_mean,cust_solar_bill_W19_std,cust_solar_bill_W20_mean,cust_solar_bill_W20_std,cust_solar_bill_W21_mean,cust_solar_bill_W21_std,cust_solar_bill_W22_mean,cust_solar_bill_W22_std,cust_solar_bill_W23_mean,cust_solar_bill_W23_std,cust_solar_bill_W24_mean,cust_solar_bill_W24_std,cust_solar_bill_W25_mean,cust_solar_bill_W25_std,cust_solar_bill_W26_A_mean,cust_solar_bill_W26_A_std,cust_solar_bill_W27_mean,cust_solar_bill_W27_std,cust_solar_bill_W28_mean,cust_solar_bill_W28_std,cust_solar_bill_W29_mean,cust_solar_bill_W29_std,cust_solar_bill_W30_A_mean,cust_solar_bill_W30_A_std,cust_solar_bill_W31_A_mean,cust_solar_bill_W31_A_std,cust_solar_bill_W32_A_mean,cust_solar_bill_W32_A_std,cust_solar_bill_W33_A_mean,cust_solar_bill_W33_A_std,cust_solar_bill_W34_A_mean,cust_solar_bill_W34_A_std,cust_solar_bill_W35_A_mean,cust_solar_bill_W35_A_std,cust_solar_bill_W36_A_mean,cust_solar_bill_W36_A_std,cust_solar_bill_W37_A_mean,cust_solar_bill_W37_A_std,cust_solar_bill_W38_A_mean,cust_solar_bill_W38_A_std,cust_solar_bill_W39_A_mean,cust_solar_bill_W39_A_std,cust_solar_bill_W40_A_mean,cust_solar_bill_W40_A_std,cust_solar_bill_W41_A_mean,cust_solar_bill_W41_A_std,cust_solar_bill_W42_A_mean,cust_solar_bill_W42_A_std,cust_solar_bill_W43_A_mean,cust_solar_bill_W43_A_std,cust_solar_bill_W44_A_mean,cust_solar_bill_W44_A_std,cust_solar_bill_W45_A_mean,cust_solar_bill_W45_A_std,cust_solar_bill_W46_A_mean,cust_solar_bill_W46_A_std,cust_solar_bill_W47_A_mean,cust_solar_bill_W47_A_std,cust_solar_bill_W48_A_mean,cust_solar_bill_W48_A_std,cust_solar_bill_W49_A_mean,cust_solar_bill_W49_A_std,cust_solar_bill_W50_A_mean,cust_solar_bill_W50_A_std,cust_solar_bill_W51_A_mean,cust_solar_bill_W51_A_std,cust_solar_bill_W52_A_mean,cust_solar_bill_W52_A_std,cust_solar_bill_W53_A_mean,cust_solar_bill_W53_A_std,cust_solar_bill_W54_A_mean,cust_solar_bill_W54_A_std,cust_solar_bill_W55_A_mean,cust_solar_bill_W55_A_std,cust_solar_bill_W56_A_mean,cust_solar_bill_W56_A_std,cust_solar_bill_W57_A_mean,cust_solar_bill_W57_A_std,cust_solar_bill_W58_A_mean,cust_solar_bill_W58_A_std,cust_solar_bill_W59_A_mean,cust_solar_bill_W59_A_std,cust_solar_bill_W60_A_mean,cust_solar_bill_W60_A_std,cust_solar_bill_W61_A_mean,cust_solar_bill_W61_A_std,cust_solar_bill_W62_A_mean,cust_solar_bill_W62_A_std,cust_solar_bill_W63_A_mean,cust_solar_bill_W63_A_std,cust_solar_bill_W64_A_mean,cust_solar_bill_W64_A_std,cust_solar_bill_W65_A_mean,cust_solar_bill_W65_A_std,cust_solar_bill_W66_A_mean,cust_solar_bill_W66_A_std,cust_solar_bill_W67_A_mean,cust_solar_bill_W67_A_std,cust_solar_bill_W68_A_mean,cust_solar_bill_W68_A_std,cust_solar_bill_W69_A_mean,cust_solar_bill_W69_A_std,cust_solar_bill_W70_A_mean,cust_solar_bill_W70_A_std,cust_solar_bill_W71_A_mean,cust_solar_bill_W71_A_std,cust_solar_bill_W72_A_mean,cust_solar_bill_W72_A_std,cust_total$_W01_mean,cust_total$_W01_std,cust_total$_W02_mean,cust_total$_W02_std,cust_total$_W03_mean,cust_total$_W03_std,cust_total$_W04_mean,cust_total$_W04_std,cust_total$_W05_mean,cust_total$_W05_std,cust_total$_W06_mean,cust_total$_W06_std,cust_total$_W07_mean,cust_total$_W07_std,cust_total$_W08_mean,cust_total$_W08_std,cust_total$_W09_mean,cust_total$_W09_std,cust_total$_W10_mean,cust_total$_W10_std,cust_total$_W11_mean,cust_total$_W11_std,cust_total$_W12_mean,cust_total$_W12_std,cust_total$_W13_mean,cust_total$_W13_std,cust_total$_W14_mean,cust_total$_W14_std,cust_total$_W15_mean,cust_total$_W15_std,cust_total$_W16_mean,cust_total$_W16_std,cust_total$_W17_mean,cust_total$_W17_std,cust_total$_W18_mean,cust_total$_W18_std,cust_total$_W19_mean,cust_total$_W19_std,cust_total$_W20_mean,cust_total$_W20_std,cust_total$_W21_mean,cust_total$_W21_std,cust_total$_W22_mean,cust_total$_W22_std,cust_total$_W23_mean,cust_total$_W23_std,cust_total$_W24_mean,cust_total$_W24_std,cust_total$_W25_mean,cust_total$_W25_std,cust_total$_W26_A_mean,cust_total$_W26_A_std,cust_total$_W27_mean,cust_total$_W27_std,cust_total$_W28_mean,cust_total$_W28_std,cust_total$_W29_mean,cust_total$_W29_std,cust_total$_W30_A_mean,cust_total$_W30_A_std,cust_total$_W31_A_mean,cust_total$_W31_A_std,cust_total$_W32_A_mean,cust_total$_W32_A_std,cust_total$_W33_A_mean,cust_total$_W33_A_std,cust_total$_W34_A_mean,cust_total$_W34_A_std,cust_total$_W35_A_mean,cust_total$_W35_A_std,cust_total$_W36_A_mean,cust_total$_W36_A_std,cust_total$_W37_A_mean,cust_total$_W37_A_std,cust_total$_W38_A_mean,cust_total$_W38_A_std,cust_total$_W39_A_mean,cust_total$_W39_A_std,cust_total$_W40_A_mean,cust_total$_W40_A_std,cust_total$_W41_A_mean,cust_total$_W41_A_std,cust_total$_W42_A_mean,cust_total$_W42_A_std,cust_total$_W43_A_mean,cust_total$_W43_A_std,cust_total$_W44_A_mean,cust_total$_W44_A_std,cust_total$_W45_A_mean,cust_total$_W45_A_std,cust_total$_W46_A_mean,cust_total$_W46_A_std,cust_total$_W47_A_mean,cust_total$_W47_A_std,cust_total$_W48_A_mean,cust_total$_W48_A_std,cust_total$_W49_A_mean,cust_total$_W49_A_std,cust_total$_W50_A_mean,cust_total$_W50_A_std,cust_total$_W51_A_mean,cust_total$_W51_A_std,cust_total$_W52_A_mean,cust_total$_W52_A_std,cust_total$_W53_A_mean,cust_total$_W53_A_std,cust_total$_W54_A_mean,cust_total$_W54_A_std,cust_total$_W55_A_mean,cust_total$_W55_A_std,cust_total$_W56_A_mean,cust_total$_W56_A_std,cust_total$_W57_A_mean,cust_total$_W57_A_std,cust_total$_W58_A_mean,cust_total$_W58_A_std,cust_total$_W59_A_mean,cust_total$_W59_A_std,cust_total$_W60_A_mean,cust_total$_W60_A_std,cust_total$_W61_A_mean,cust_total$_W61_A_std,cust_total$_W62_A_mean,cust_total$_W62_A_std,cust_total$_W63_A_mean,cust_total$_W63_A_std,cust_total$_W64_A_mean,cust_total$_W64_A_std,cust_total$_W65_A_mean,cust_total$_W65_A_std,cust_total$_W66_A_mean,cust_total$_W66_A_std,cust_total$_W67_A_mean,cust_total$_W67_A_std,cust_total$_W68_A_mean,cust_total$_W68_A_std,cust_total$_W69_A_mean,cust_total$_W69_A_std,cust_total$_W70_A_mean,cust_total$_W70_A_std,cust_total$_W71_A_mean,cust_total$_W71_A_std,cust_total$_W72_A_mean,cust_total$_W72_A_std
0,1594.539501,1232.154632,1500.667825,1152.739518,1728.698876,2227.569748,1283.320715,1243.826947,1465.339729,982.4218977,1109.886623,1269.319799,1767.522606,1590.087225,2637.557706,1432.924454,941.5049303,457.8553231,982.2179987,1409.869562,2187.901208,1022.443304,976.405682,796.1117457,913.9973772,1360.4325,1411.77911,1561.310138,1770.283374,1360.4325,,1360.4325,,1360.4325,,1360.4325,,1360.4325,,1360.4325,,1360.4325,,1360.4325,,1360.4325,,1360.4325,,1360.4325,,1360.4325,,1360.4325,,1360.4325,,1360.4325,,1360.4325,,1360.4325,,1360.4325,,1360.4325,,1360.4325,,1360.4325,,1360.4325,,1360.4325,,1360.4325,,1360.4325,,1360.4325,,1360.4325,,1360.4325,,1360.4325,,1360.4325,,1360.4325,,1360.4325,,1360.4325,,1360.4325,,1360.4325,,1360.4325,,1360.4325,,1360.4325,,1360.4325,,1360.4325,,1360.4325,,1360.4325,,1360.4325,,0,,0,,0,,0,,0,,0,,0,,0,,0,,0,,0,,0,,0,,0,,0,,0,,0,,0,,0,,0,,0,,0,,0,,0,,0,,0,,0,,0,,0,,0,,0,,0,,0,,0,,0,,0,,0,,0,,0,,0,,0,,0,,0,,0,,0,,0,,0,,0,,0,,0,,0,,0,,0,,0,,0,,0,,0,,0,,0,,0,,0,,0,,0,,0,,0,,0,,0,,0,,0,,0,,0,,0,,1594.539501,,1232.154632,,1500.667825,,1152.739518,,1728.698876,,2227.569748,,1283.320715,,1243.826947,,1465.339729,,982.4218977,,1109.886623,,1269.319799,,1767.522606,,1590.087225,,2637.557706,,1432.924454,,941.5049303,,457.8553231,,982.2179987,,1409.869562,,2187.901208,,1022.443304,,976.405682,,796.1117457,,913.9973772,,1360.4325,,1411.77911,,1561.310138,,1770.283374,,1360.4325,,1360.4325,,1360.4325,,1360.4325,,1360.4325,,1360.4325,,1360.4325,,1360.4325,,1360.4325,,1360.4325,,1360.4325,,1360.4325,,1360.4325,,1360.4325,,1360.4325,,1360.4325,,1360.4325,,1360.4325,,1360.4325,,1360.4325,,1360.4325,,1360.4325,,1360.4325,,1360.4325,,1360.4325,,1360.4325,,1360.4325,,1360.4325,,1360.4325,,1360.4325,,1360.4325,,1360.4325,,1360.4325,,1360.4325,,1360.4325,,1360.4325,,1360.4325,,1360.4325,,1360.4325,,1360.4325,,1360.4325,,1360.4325,,1360.4325,
1,1884.497708,1296.199964,1715.449549,1416.888958,2178.293264,2444.759342,1532.671972,1416.791165,1487.59463,1044.787544,1306.341046,1628.189787,1780.768446,1866.264427,2793.042478,1698.890328,1197.803967,722.9544728,1106.21483,1453.14817,2627.05685,1237.369456,1215.485063,934.0549741,1047.08809,952.829135,1735.362382,1792.809963,1991.453392,952.829135,,952.829135,,952.829135,,952.829135,,952.829135,,952.829135,,952.829135,,952.829135,,952.829135,,952.829135,,952.829135,,952.829135,,952.829135,,952.829135,,952.829135,,952.829135,,952.829135,,952.829135,,952.829135,,952.829135,,952.829135,,952.829135,,952.829135,,952.829135,,952.829135,,952.829135,,952.829135,,952.829135,,952.829135,,952.829135,,952.829135,,952.829135,,952.829135,,952.829135,,952.829135,,952.829135,,952.829135,,952.829135,,952.829135,,952.829135,,952.829135,,952.829135,,952.829135,,0,,0,,0,,0,,0,,0,,0,,0,,0,,0,,0,,0,,0,,0,,0,,0,,0,,0,,0,,0,,0,,0,,0,,0,,0,,0,,0,,0,,0,,0,,0,,0,,0,,0,,0,,0,,0,,0,,0,,0,,0,,0,,0,,0,,0,,0,,0,,0,,0,,0,,0,,0,,0,,0,,0,,0,,0,,0,,0,,0,,0,,0,,0,,0,,0,,0,,0,,0,,0,,0,,0,,0,,1884.497708,,1296.199964,,1715.449549,,1416.888958,,2178.293264,,2444.759342,,1532.671972,,1416.791165,,1487.59463,,1044.787544,,1306.341046,,1628.189787,,1780.768446,,1866.264427,,2793.042478,,1698.890328,,1197.803967,,722.9544728,,1106.21483,,1453.14817,,2627.05685,,1237.369456,,1215.485063,,934.0549741,,1047.08809,,952.829135,,1735.362382,,1792.809963,,1991.453392,,952.829135,,952.829135,,952.829135,,952.829135,,952.829135,,952.829135,,952.829135,,952.829135,,952.829135,,952.829135,,952.829135,,952.829135,,952.829135,,952.829135,,952.829135,,952.829135,,952.829135,,952.829135,,952.829135,,952.829135,,952.829135,,952.829135,,952.829135,,952.829135,,952.829135,,952.829135,,952.829135,,952.829135,,952.829135,,952.829135,,952.829135,,952.829135,,952.829135,,952.829135,,952.829135,,952.829135,,952.829135,,952.829135,,952.829135,,952.829135,,952.829135,,952.829135,,952.829135,
2,2072.947478,1425.81996,1886.994504,1558.577854,2396.12259,2689.235276,1685.939169,1558.470281,1636.354093,1149.266298,1436.975151,1791.008766,1958.845291,2052.89087,3072.346725,1868.779361,1317.584364,795.24992,1216.836313,1598.462987,2889.762535,1361.106401,1337.033569,1027.460471,1151.796899,1048.112048,1908.898621,1972.090959,2190.598731,1048.112048,,1048.112048,,1048.112048,,1048.112048,,1048.112048,,1048.112048,,1048.112048,,1048.112048,,1048.112048,,1048.112048,,1048.112048,,1048.112048,,1048.112048,,1048.112048,,1048.112048,,1048.112048,,1048.112048,,1048.112048,,1048.112048,,1048.112048,,1048.112048,,1048.112048,,1048.112048,,1048.112048,,1048.112048,,1048.112048,,1048.112048,,1048.112048,,1048.112048,,1048.112048,,1048.112048,,1048.112048,,1048.112048,,1048.112048,,1048.112048,,1048.112048,,1048.112048,,1048.112048,,1048.112048,,1048.112048,,1048.112048,,1048.112048,,1048.112048,,0,,0,,0,,0,,0,,0,,0,,0,,0,,0,,0,,0,,0,,0,,0,,0,,0,,0,,0,,0,,0,,0,,0,,0,,0,,0,,0,,0,,0,,0,,0,,0,,0,,0,,0,,0,,0,,0,,0,,0,,0,,0,,0,,0,,0,,0,,0,,0,,0,,0,,0,,0,,0,,0,,0,,0,,0,,0,,0,,0,,0,,0,,0,,0,,0,,0,,0,,0,,0,,0,,0,,0,,2072.947478,,1425.81996,,1886.994504,,1558.577854,,2396.12259,,2689.235276,,1685.939169,,1558.470281,,1636.354093,,1149.266298,,1436.975151,,1791.008766,,1958.845291,,2052.89087,,3072.346725,,1868.779361,,1317.584364,,795.24992,,1216.836313,,1598.462987,,2889.762535,,1361.106401,,1337.033569,,1027.460471,,1151.796899,,1048.112048,,1908.898621,,1972.090959,,2190.598731,,1048.112048,,1048.112048,,1048.112048,,1048.112048,,1048.112048,,1048.112048,,1048.112048,,1048.112048,,1048.112048,,1048.112048,,1048.112048,,1048.112048,,1048.112048,,1048.112048,,1048.112048,,1048.112048,,1048.112048,,1048.112048,,1048.112048,,1048.112048,,1048.112048,,1048.112048,,1048.112048,,1048.112048,,1048.112048,,1048.112048,,1048.112048,,1048.112048,,1048.112048,,1048.112048,,1048.112048,,1048.112048,,1048.112048,,1048.112048,,1048.112048,,1048.112048,,1048.112048,,1048.112048,,1048.112048,,1048.112048,,1048.112048,,1048.112048,,1048.112048,
3,2304.069037,1581.882159,2094.939887,1725.103658,2649.566411,2988.887765,1869.684571,1725.815218,1820.309542,1275.818176,1592.583432,1981.405753,2175.249304,2282.309086,3423.645152,2073.185038,1455.168846,872.7993648,1348.338493,1773.851817,3202.547871,1506.686609,1482.375281,1135.736191,1276.028741,1173.797455,2108.093971,2194.055885,2433.457285,1173.797455,,1173.797455,,1173.797455,,1173.797455,,1173.797455,,1173.797455,,1173.797455,,1173.797455,,1173.797455,,1173.797455,,1173.797455,,1173.797455,,1173.797455,,1173.797455,,1173.797455,,1173.797455,,1173.797455,,1173.797455,,1173.797455,,1173.797455,,1173.797455,,1173.797455,,1173.797455,,1173.797455,,1173.797455,,1173.797455,,1173.797455,,1173.797455,,1173.797455,,1173.797455,,1173.797455,,1173.797455,,1173.797455,,1173.797455,,1173.797455,,1173.797455,,1173.797455,,1173.797455,,1173.797455,,1173.797455,,1173.797455,,1173.797455,,1173.797455,,0,,0,,0,,0,,0,,0,,0,,0,,0,,0,,0,,0,,0,,0,,0,,0,,0,,0,,0,,0,,0,,0,,0,,0,,0,,0,,0,,0,,0,,0,,0,,0,,0,,0,,0,,0,,0,,0,,0,,0,,0,,0,,0,,0,,0,,0,,0,,0,,0,,0,,0,,0,,0,,0,,0,,0,,0,,0,,0,,0,,0,,0,,0,,0,,0,,0,,0,,0,,0,,0,,0,,0,,2304.069037,,1581.882159,,2094.939887,,1725.103658,,2649.566411,,2988.887765,,1869.684571,,1725.815218,,1820.309542,,1275.818176,,1592.583432,,1981.405753,,2175.249304,,2282.309086,,3423.645152,,2073.185038,,1455.168846,,872.7993648,,1348.338493,,1773.851817,,3202.547871,,1506.686609,,1482.375281,,1135.736191,,1276.028741,,1173.797455,,2108.093971,,2194.055885,,2433.457285,,1173.797455,,1173.797455,,1173.797455,,1173.797455,,1173.797455,,1173.797455,,1173.797455,,1173.797455,,1173.797455,,1173.797455,,1173.797455,,1173.797455,,1173.797455,,1173.797455,,1173.797455,,1173.797455,,1173.797455,,1173.797455,,1173.797455,,1173.797455,,1173.797455,,1173.797455,,1173.797455,,1173.797455,,1173.797455,,1173.797455,,1173.797455,,1173.797455,,1173.797455,,1173.797455,,1173.797455,,1173.797455,,1173.797455,,1173.797455,,1173.797455,,1173.797455,,1173.797455,,1173.797455,,1173.797455,,1173.797455,,1173.797455,,1173.797455,,1173.797455,
4,2449.84702,1685.059953,2230.084413,1841.955645,2831.781243,3178.187145,1992.473564,1841.828514,1933.873019,1358.223807,1698.24336,2116.646723,2314.99898,2426.143755,3630.955221,2208.557426,1557.145157,939.8408146,1438.079279,1889.092621,3415.173905,1608.580292,1580.130582,1214.271466,1361.214517,1238.677876,2255.971097,2330.652952,2588.889409,1238.677876,,1238.677876,,1238.677876,,1238.677876,,1238.677876,,1238.677876,,1238.677876,,1238.677876,,1238.677876,,1238.677876,,1238.677876,,1238.677876,,1238.677876,,1238.677876,,1238.677876,,1238.677876,,1238.677876,,1238.677876,,1238.677876,,1238.677876,,1238.677876,,1238.677876,,1238.677876,,1238.677876,,1238.677876,,1238.677876,,1238.677876,,1238.677876,,1238.677876,,1238.677876,,1238.677876,,1238.677876,,1238.677876,,1238.677876,,1238.677876,,1238.677876,,1238.677876,,1238.677876,,1238.677876,,1238.677876,,1238.677876,,1238.677876,,1238.677876,,0,,0,,0,,0,,0,,0,,0,,0,,0,,0,,0,,0,,0,,0,,0,,0,,0,,0,,0,,0,,0,,0,,0,,0,,0,,0,,0,,0,,0,,0,,0,,0,,0,,0,,0,,0,,0,,0,,0,,0,,0,,0,,0,,0,,0,,0,,0,,0,,0,,0,,0,,0,,0,,0,,0,,0,,0,,0,,0,,0,,0,,0,,0,,0,,0,,0,,0,,0,,0,,0,,0,,0,,2449.84702,,1685.059953,,2230.084413,,1841.955645,,2831.781243,,3178.187145,,1992.473564,,1841.828514,,1933.873019,,1358.223807,,1698.24336,,2116.646723,,2314.99898,,2426.143755,,3630.955221,,2208.557426,,1557.145157,,939.8408146,,1438.079279,,1889.092621,,3415.173905,,1608.580292,,1580.130582,,1214.271466,,1361.214517,,1238.677876,,2255.971097,,2330.652952,,2588.889409,,1238.677876,,1238.677876,,1238.677876,,1238.677876,,1238.677876,,1238.677876,,1238.677876,,1238.677876,,1238.677876,,1238.677876,,1238.677876,,1238.677876,,1238.677876,,1238.677876,,1238.677876,,1238.677876,,1238.677876,,1238.677876,,1238.677876,,1238.677876,,1238.677876,,1238.677876,,1238.677876,,1238.677876,,1238.677876,,1238.677876,,1238.677876,,1238.677876,,1238.677876,,1238.677876,,1238.677876,,1238.677876,,1238.677876,,1238.677876,,1238.677876,,1238.677876,,1238.677876,,1238.677876,,1238.677876,,1238.677876,,1238.677876,,1238.677876,,1238.677876,
5,2167.172364,1490.629958,1972.766981,1629.422301,2505.037253,2811.473243,1762.572768,1629.309839,1710.733824,1201.505675,1502.292203,1872.418255,2047.883713,2146.204091,3211.998849,1953.723877,1377.474562,831.3976437,1272.147054,1671.120395,3021.115377,1422.974874,1397.807822,1074.16322,1204.151304,1095.753505,1995.66674,2061.731458,2290.1714,1095.753505,,1095.753505,,1095.753505,,1095.753505,,1095.753505,,1095.753505,,1095.753505,,1095.753505,,1095.753505,,1095.753505,,1095.753505,,1095.753505,,1095.753505,,1095.753505,,1095.753505,,1095.753505,,1095.753505,,1095.753505,,1095.753505,,1095.753505,,1095.753505,,1095.753505,,1095.753505,,1095.753505,,1095.753505,,1095.753505,,1095.753505,,1095.753505,,1095.753505,,1095.753505,,1095.753505,,1095.753505,,1095.753505,,1095.753505,,1095.753505,,1095.753505,,1095.753505,,1095.753505,,1095.753505,,1095.753505,,1095.753505,,1095.753505,,1095.753505,,0,,0,,0,,0,,0,,0,,0,,0,,0,,0,,0,,0,,0,,0,,0,,0,,0,,0,,0,,0,,0,,0,,0,,0,,0,,0,,0,,0,,0,,0,,0,,0,,0,,0,,0,,0,,0,,0,,0,,0,,0,,0,,0,,0,,0,,0,,0,,0,,0,,0,,0,,0,,0,,0,,0,,0,,0,,0,,0,,0,,0,,0,,0,,0,,0,,0,,0,,0,,0,,0,,0,,0,,2167.172364,,1490.629958,,1972.766981,,1629.422301,,2505.037253,,2811.473243,,1762.572768,,1629.309839,,1710.733824,,1201.505675,,1502.292203,,1872.418255,,2047.883713,,2146.204091,,3211.998849,,1953.723877,,1377.474562,,831.3976437,,1272.147054,,1671.120395,,3021.115377,,1422.974874,,1397.807822,,1074.16322,,1204.151304,,1095.753505,,1995.66674,,2061.731458,,2290.1714,,1095.753505,,1095.753505,,1095.753505,,1095.753505,,1095.753505,,1095.753505,,1095.753505,,1095.753505,,1095.753505,,1095.753505,,1095.753505,,1095.753505,,1095.753505,,1095.753505,,1095.753505,,1095.753505,,1095.753505,,1095.753505,,1095.753505,,1095.753505,,1095.753505,,1095.753505,,1095.753505,,1095.753505,,1095.753505,,1095.753505,,1095.753505,,1095.753505,,1095.753505,,1095.753505,,1095.753505,,1095.753505,,1095.753505,,1095.753505,,1095.753505,,1095.753505,,1095.753505,,1095.753505,,1095.753505,,1095.753505,,1095.753505,,1095.753505,,1095.753505,
6,2355.622135,1620.249955,2144.311936,1771.111197,2722.86658,3055.949178,1915.839965,1770.988956,1859.493288,1305.98443,1632.926308,2035.237234,2225.960558,2332.830534,3491.303097,2123.61291,1497.254959,903.693091,1382.768537,1816.435212,3283.821062,1546.71182,1519.356329,1167.568718,1308.860113,1191.036419,2169.202978,2241.012454,2489.31674,1191.036419,,1191.036419,,1191.036419,,1191.036419,,1191.036419,,1191.036419,,1191.036419,,1191.036419,,1191.036419,,1191.036419,,1191.036419,,1191.036419,,1191.036419,,1191.036419,,1191.036419,,1191.036419,,1191.036419,,1191.036419,,1191.036419,,1191.036419,,1191.036419,,1191.036419,,1191.036419,,1191.036419,,1191.036419,,1191.036419,,1191.036419,,1191.036419,,1191.036419,,1191.036419,,1191.036419,,1191.036419,,1191.036419,,1191.036419,,1191.036419,,1191.036419,,1191.036419,,1191.036419,,1191.036419,,1191.036419,,1191.036419,,1191.036419,,1191.036419,,0,,0,,0,,0,,0,,0,,0,,0,,0,,0,,0,,0,,0,,0,,0,,0,,0,,0,,0,,0,,0,,0,,0,,0,,0,,0,,0,,0,,0,,0,,0,,0,,0,,0,,0,,0,,0,,0,,0,,0,,0,,0,,0,,0,,0,,0,,0,,0,,0,,0,,0,,0,,0,,0,,0,,0,,0,,0,,0,,0,,0,,0,,0,,0,,0,,0,,0,,0,,0,,0,,0,,0,,2355.622135,,1620.249955,,2144.311936,,1771.111197,,2722.86658,,3055.949178,,1915.839965,,1770.988956,,1859.493288,,1305.98443,,1632.926308,,2035.237234,,2225.960558,,2332.830534,,3491.303097,,2123.61291,,1497.254959,,903.693091,,1382.768537,,1816.435212,,3283.821062,,1546.71182,,1519.356329,,1167.568718,,1308.860113,,1191.036419,,2169.202978,,2241.012454,,2489.31674,,1191.036419,,1191.036419,,1191.036419,,1191.036419,,1191.036419,,1191.036419,,1191.036419,,1191.036419,,1191.036419,,1191.036419,,1191.036419,,1191.036419,,1191.036419,,1191.036419,,1191.036419,,1191.036419,,1191.036419,,1191.036419,,1191.036419,,1191.036419,,1191.036419,,1191.036419,,1191.036419,,1191.036419,,1191.036419,,1191.036419,,1191.036419,,1191.036419,,1191.036419,,1191.036419,,1191.036419,,1191.036419,,1191.036419,,1191.036419,,1191.036419,,1191.036419,,1191.036419,,1191.036419,,1191.036419,,1191.036419,,1191.036419,,1191.036419,,1191.036419,
7,2544.071906,1749.869951,2315.856891,1912.800093,2940.695906,3300.425112,2069.107162,1912.668073,2008.252751,1410.463184,1763.560413,2198.056212,2404.037403,2519.456977,3770.607345,2293.501943,1617.035356,975.9885383,1493.39002,1961.750029,3546.526747,1670.448765,1640.904835,1260.974215,1413.568922,1286.319332,2342.739216,2420.29345,2688.462079,1286.319332,,1286.319332,,1286.319332,,1286.319332,,1286.319332,,1286.319332,,1286.319332,,1286.319332,,1286.319332,,1286.319332,,1286.319332,,1286.319332,,1286.319332,,1286.319332,,1286.319332,,1286.319332,,1286.319332,,1286.319332,,1286.319332,,1286.319332,,1286.319332,,1286.319332,,1286.319332,,1286.319332,,1286.319332,,1286.319332,,1286.319332,,1286.319332,,1286.319332,,1286.319332,,1286.319332,,1286.319332,,1286.319332,,1286.319332,,1286.319332,,1286.319332,,1286.319332,,1286.319332,,1286.319332,,1286.319332,,1286.319332,,1286.319332,,1286.319332,,0,,0,,0,,0,,0,,0,,0,,0,,0,,0,,0,,0,,0,,0,,0,,0,,0,,0,,0,,0,,0,,0,,0,,0,,0,,0,,0,,0,,0,,0,,0,,0,,0,,0,,0,,0,,0,,0,,0,,0,,0,,0,,0,,0,,0,,0,,0,,0,,0,,0,,0,,0,,0,,0,,0,,0,,0,,0,,0,,0,,0,,0,,0,,0,,0,,0,,0,,0,,0,,0,,0,,0,,2544.071906,,1749.869951,,2315.856891,,1912.800093,,2940.695906,,3300.425112,,2069.107162,,1912.668073,,2008.252751,,1410.463184,,1763.560413,,2198.056212,,2404.037403,,2519.456977,,3770.607345,,2293.501943,,1617.035356,,975.9885383,,1493.39002,,1961.750029,,3546.526747,,1670.448765,,1640.904835,,1260.974215,,1413.568922,,1286.319332,,2342.739216,,2420.29345,,2688.462079,,1286.319332,,1286.319332,,1286.319332,,1286.319332,,1286.319332,,1286.319332,,1286.319332,,1286.319332,,1286.319332,,1286.319332,,1286.319332,,1286.319332,,1286.319332,,1286.319332,,1286.319332,,1286.319332,,1286.319332,,1286.319332,,1286.319332,,1286.319332,,1286.319332,,1286.319332,,1286.319332,,1286.319332,,1286.319332,,1286.319332,,1286.319332,,1286.319332,,1286.319332,,1286.319332,,1286.319332,,1286.319332,,1286.319332,,1286.319332,,1286.319332,,1286.319332,,1286.319332,,1286.319332,,1286.319332,,1286.319332,,1286.319332,,1286.319332,,1286.319332,
8,2732.521676,1879.489948,2487.401846,2054.488989,3158.525232,3544.901046,2222.374359,2054.347189,2157.012213,1514.941939,1894.194517,2360.875191,2582.114247,2706.083419,4049.911593,2463.390976,1736.815753,1048.283986,1604.011503,2107.064846,3809.232432,1794.185711,1762.453341,1354.379712,1518.277731,1381.602246,2516.275454,2599.574447,2887.607418,1381.602246,,1381.602246,,1381.602246,,1381.602246,,1381.602246,,1381.602246,,1381.602246,,1381.602246,,1381.602246,,1381.602246,,1381.602246,,1381.602246,,1381.602246,,1381.602246,,1381.602246,,1381.602246,,1381.602246,,1381.602246,,1381.602246,,1381.602246,,1381.602246,,1381.602246,,1381.602246,,1381.602246,,1381.602246,,1381.602246,,1381.602246,,1381.602246,,1381.602246,,1381.602246,,1381.602246,,1381.602246,,1381.602246,,1381.602246,,1381.602246,,1381.602246,,1381.602246,,1381.602246,,1381.602246,,1381.602246,,1381.602246,,1381.602246,,1381.602246,,0,,0,,0,,0,,0,,0,,0,,0,,0,,0,,0,,0,,0,,0,,0,,0,,0,,0,,0,,0,,0,,0,,0,,0,,0,,0,,0,,0,,0,,0,,0,,0,,0,,0,,0,,0,,0,,0,,0,,0,,0,,0,,0,,0,,0,,0,,0,,0,,0,,0,,0,,0,,0,,0,,0,,0,,0,,0,,0,,0,,0,,0,,0,,0,,0,,0,,0,,0,,0,,0,,0,,0,,2732.521676,,1879.489948,,2487.401846,,2054.488989,,3158.525232,,3544.901046,,2222.374359,,2054.347189,,2157.012213,,1514.941939,,1894.194517,,2360.875191,,2582.114247,,2706.083419,,4049.911593,,2463.390976,,1736.815753,,1048.283986,,1604.011503,,2107.064846,,3809.232432,,1794.185711,,1762.453341,,1354.379712,,1518.277731,,1381.602246,,2516.275454,,2599.574447,,2887.607418,,1381.602246,,1381.602246,,1381.602246,,1381.602246,,1381.602246,,1381.602246,,1381.602246,,1381.602246,,1381.602246,,1381.602246,,1381.602246,,1381.602246,,1381.602246,,1381.602246,,1381.602246,,1381.602246,,1381.602246,,1381.602246,,1381.602246,,1381.602246,,1381.602246,,1381.602246,,1381.602246,,1381.602246,,1381.602246,,1381.602246,,1381.602246,,1381.602246,,1381.602246,,1381.602246,,1381.602246,,1381.602246,,1381.602246,,1381.602246,,1381.602246,,1381.602246,,1381.602246,,1381.602246,,1381.602246,,1381.602246,,1381.602246,,1381.602246,,1381.602246,
,,,,,,,,,,,,,,,,,,,,,,,,,,,,,,,,,,,,,,,,,,,,,,,,,,,,,,,,,,,,,,,,,,,,,,,,,,,,,,,,,,,,,,,,,,,,,,,,,,,,,,,,,,,,,,,,,,,,,,,,,,,,,,,,,,,,,,,,,,,,,,,,,,,,,,,,,,,,,,,,,,,,,,,,,,,,,,,,,,,,,,,,,,,,,,,,,,,,,,,,,,,,,,,,,,,,,,,,,,,,,,,,,,,,,,,,,,,,,,,,,,,,,,,,,,,,,,,,,,,,,,,,,,,,,,,,,,,,,,,,,,,,,,,,,,,,,,,,,,,,,,,,,,,,,,,,,,,,,,,,,,,,,,,,,,,,,,,,,,,,,,,,,,,,,,,,,,,,,,,,,,,,,,,,,,,,,,,,,,,,,,,,,,,,,,,,,,,,,,,,,,,
,W01,W02,W03,W04,W05,W06,W07,W08,W09,W10,W11,W12,W13,W14,W15,W16,W17,W18,W19,W20,W21,W22,W23,W24,W25,W26,W27,W28,W29,,,,,,,,,,,,,,,,,,,,,,,,,,,,,,,,,,,,,,,,,,,,,,,,,,,,,,,,,,,,,,,,,,,,,,,,,,,,,,,,,,,,,,,,,,,,,,,,,,,,,,,,,,,,,,,,,,,,,,,,,,,,,,,,,,,,,,,,,,,,,,,,,,,,,,,,,,,,,,,,,,,,,,,,,,,,,,,,,,,,,,,,,,,,,,,,,,,,,,,,,,,,,,,,,,,,,,,,,,,,,,,,,,,,,,,,,,,,,,,,,,,,,,,,,,,,,,,,,,,,,,,,,,,,,,,,,,,,,,,,,,,,,,,,,,,,,,,,,,,,,,,,,,,,,,,,,,,,,,,,,,,,,,,,,,,,,,,,,,,,,,,,,,,,,,,,,,,,,,,,,,,,,,,,,,,,,,
PT_0,-289.9582069,-64.04533178,-214.7817233,-264.1494394,-449.594388,-217.1895939,-249.3512567,-172.9642176,-22.25490071,-62.36564626,-196.4544238,-358.8699883,-13.24584054,-276.1772022,-155.4847717,-265.9658739,-256.299037,-265.0991497,-123.9968312,-43.27860732,-439.1556422,-214.926152,-239.079381,-137.9432284,-133.0907131,407.6033649,-323.5832728,-231.4998247,-221.1700172,,,,,,,,,,,,,,,,,,,,,,,,,,,,,,,,,,,,,,,,,,,,,,,,,,,,,,,,,,,,,,,,,,,,,,,,,,,,,,,,,,,,,,,,,,,,,,,,,,,,,,,,,,,,,,,,,,,,,,,,,,,,,,,,,,,,,,,,,,,,,,,,,,,,,,,,,,,,,,,,,,,,,,,,,,,,,,,,,,,,,,,,,,,,,,,,,,,,,,,,,,,,,,,,,,,,,,,,,,,,,,,,,,,,,,,,,,,,,,,,,,,,,,,,,,,,,,,,,,,,,,,,,,,,,,,,,,,,,,,,,,,,,,,,,,,,,,,,,,,,,,,,,,,,,,,,,,,,,,,,,,,,,,,,,,,,,,,,,,,,,,,,,,,,,,,,,,,,,,,,,,,,,,,,,,,,,,
PT_10,-478.4079775,-193.6653281,-386.3266781,-405.8383352,-667.4237143,-461.665528,-402.6184538,-314.643334,-171.0143636,-166.8444006,-327.0885284,-521.6889669,-191.3226851,-462.8036448,-434.7890194,-435.8549066,-376.0794337,-337.394597,-234.6183141,-188.5934242,-701.8613271,-338.6630976,-360.6278873,-231.3487258,-237.7995221,312.3204515,-497.1195109,-410.7808209,-420.3153563,,,,,,,,,,,,,,,,,,,,,,,,,,,,,,,,,,,,,,,,,,,,,,,,,,,,,,,,,,,,,,,,,,,,,,,,,,,,,,,,,,,,,,,,,,,,,,,,,,,,,,,,,,,,,,,,,,,,,,,,,,,,,,,,,,,,,,,,,,,,,,,,,,,,,,,,,,,,,,,,,,,,,,,,,,,,,,,,,,,,,,,,,,,,,,,,,,,,,,,,,,,,,,,,,,,,,,,,,,,,,,,,,,,,,,,,,,,,,,,,,,,,,,,,,,,,,,,,,,,,,,,,,,,,,,,,,,,,,,,,,,,,,,,,,,,,,,,,,,,,,,,,,,,,,,,,,,,,,,,,,,,,,,,,,,,,,,,,,,,,,,,,,,,,,,,,,,,,,,,,,,,,,,,,,,,,,,
PT_20,-709.5295358,-349.7275268,-594.2720616,-572.3641399,-920.8675357,-761.3180173,-586.3638554,-481.9882709,-354.9698127,-293.3962786,-482.6968091,-712.0859548,-407.726698,-692.2218607,-786.0874459,-640.2605835,-513.6639162,-414.9440417,-366.1204948,-363.9822549,-1014.646663,-484.2433054,-505.9695987,-339.6244448,-362.0313636,186.6350445,-696.3148615,-632.7457469,-663.1739105,,,,,,,,,,,,,,,,,,,,,,,,,,,,,,,,,,,,,,,,,,,,,,,,,,,,,,,,,,,,,,,,,,,,,,,,,,,,,,,,,,,,,,,,,,,,,,,,,,,,,,,,,,,,,,,,,,,,,,,,,,,,,,,,,,,,,,,,,,,,,,,,,,,,,,,,,,,,,,,,,,,,,,,,,,,,,,,,,,,,,,,,,,,,,,,,,,,,,,,,,,,,,,,,,,,,,,,,,,,,,,,,,,,,,,,,,,,,,,,,,,,,,,,,,,,,,,,,,,,,,,,,,,,,,,,,,,,,,,,,,,,,,,,,,,,,,,,,,,,,,,,,,,,,,,,,,,,,,,,,,,,,,,,,,,,,,,,,,,,,,,,,,,,,,,,,,,,,,,,,,,,,,,,,,,,,,,
PT_30,-855.3075192,-452.905321,-729.416588,-689.2161268,-1103.082367,-950.6173967,-709.1528483,-598.001567,-468.5332898,-375.8019094,-588.3567377,-847.3269244,-547.4763745,-836.0565303,-993.3975152,-775.6329723,-615.6402272,-481.9854915,-455.8612802,-479.2230583,-1227.272697,-586.1369888,-603.7249,-418.1597206,-447.2171402,121.7546243,-844.1919875,-769.3428137,-818.6060348,,,,,,,,,,,,,,,,,,,,,,,,,,,,,,,,,,,,,,,,,,,,,,,,,,,,,,,,,,,,,,,,,,,,,,,,,,,,,,,,,,,,,,,,,,,,,,,,,,,,,,,,,,,,,,,,,,,,,,,,,,,,,,,,,,,,,,,,,,,,,,,,,,,,,,,,,,,,,,,,,,,,,,,,,,,,,,,,,,,,,,,,,,,,,,,,,,,,,,,,,,,,,,,,,,,,,,,,,,,,,,,,,,,,,,,,,,,,,,,,,,,,,,,,,,,,,,,,,,,,,,,,,,,,,,,,,,,,,,,,,,,,,,,,,,,,,,,,,,,,,,,,,,,,,,,,,,,,,,,,,,,,,,,,,,,,,,,,,,,,,,,,,,,,,,,,,,,,,,,,,,,,,,,,,,,,,,
