,central_battery_SOH,central_battery_cycles,checksum_total_payments$,cp_ratio,cust_bill_001,cust_bill_002,cust_bill_003,cust_bill_004,cust_bill_005,cust_bill_006,cust_bill_007,cust_bill_008,cust_bill_009,cust_bill_010,cust_bill_011,cust_bill_012,cust_bill_013,cust_bill_014,cust_bill_015,cust_bill_016,cust_bill_017,cust_bill_018,cust_bill_019,cust_bill_020,cust_bill_021,cust_bill_022,cust_bill_023,cust_bill_024,cust_bill_025,cust_bill_026,cust_bill_cp,cust_solar_bill_001,cust_solar_bill_002,cust_solar_bill_003,cust_solar_bill_004,cust_solar_bill_005,cust_solar_bill_006,cust_solar_bill_007,cust_solar_bill_008,cust_solar_bill_009,cust_solar_bill_010,cust_solar_bill_011,cust_solar_bill_012,cust_solar_bill_013,cust_solar_bill_014,cust_solar_bill_015,cust_solar_bill_016,cust_solar_bill_017,cust_solar_bill_018,cust_solar_bill_019,cust_solar_bill_020,cust_solar_bill_021,cust_solar_bill_022,cust_solar_bill_023,cust_solar_bill_024,cust_solar_bill_025,cust_solar_bill_026,cust_solar_bill_cp,cust_total$_001,cust_total$_002,cust_total$_003,cust_total$_004,cust_total$_005,cust_total$_006,cust_total$_007,cust_total$_008,cust_total$_009,cust_total$_010,cust_total$_011,cust_total$_012,cust_total$_013,cust_total$_014,cust_total$_015,cust_total$_016,cust_total$_017,cust_total$_018,cust_total$_019,cust_total$_020,cust_total$_021,cust_total$_022,cust_total$_023,cust_total$_024,cust_total$_025,cust_total$_026,cust_total$_cp,eno$_bat_capex_repay,eno$_energy_bill,eno$_receipts_from_residents,eno$_total_payment,eno_net$,export_kWh,import_kWh,pv_ratio,retailer_bill$,retailer_receipt$,self-consumption,self-consumption_OLD,self-sufficiency,self-sufficiency_OLD,solar_retailer_profit,total$_building_costs,total_battery_losses,total_building_load
vb_site_h_all_site_J_01.csv,93.85828412259288,448.34525905072036,0.0,44.5307358200802,0.0,0.0,0.0,0.0,0.0,0.0,0.0,0.0,0.0,0.0,0.0,0.0,0.0,0.0,0.0,0.0,0.0,0.0,0.0,0.0,0.0,0.0,0.0,0.0,0.0,0.0,0.0,0.0,0.0,0.0,0.0,0.0,0.0,0.0,0.0,0.0,0.0,0.0,0.0,0.0,0.0,0.0,0.0,0.0,0.0,0.0,0.0,0.0,0.0,0.0,0.0,0.0,0.0,0.0,0.0,0.0,0.0,0.0,0.0,0.0,0.0,0.0,0.0,0.0,0.0,0.0,0.0,0.0,0.0,0.0,0.0,0.0,0.0,0.0,0.0,0.0,0.0,0.0,0.0,0.0,0.0,2235.2649024518996,26714.90795404043,0.0,44456.57097883314,-44456.57097883314,18379.317052410683,100720.97339368526,46.37599277653652,11704.68874117007,26714.90795404043,71.89606102178342,73.77199979523351,33.34251206607657,33.342512066076324,0.0,44456.57097883314,1297.7162990972608,151102.26399999965
vb_site_h_all_site_J_02.csv,94.07682335964726,432.39189474574977,0.0,40.61705346470297,0.0,0.0,0.0,0.0,0.0,0.0,0.0,0.0,0.0,0.0,0.0,0.0,0.0,0.0,0.0,0.0,0.0,0.0,0.0,0.0,0.0,0.0,0.0,0.0,0.0,0.0,0.0,0.0,0.0,0.0,0.0,0.0,0.0,0.0,0.0,0.0,0.0,0.0,0.0,0.0,0.0,0.0,0.0,0.0,0.0,0.0,0.0,0.0,0.0,0.0,0.0,0.0,0.0,0.0,0.0,0.0,0.0,0.0,0.0,0.0,0.0,0.0,0.0,0.0,0.0,0.0,0.0,0.0,0.0,0.0,0.0,0.0,0.0,0.0,0.0,0.0,0.0,0.0,0.0,0.0,0.0,2235.2649024518996,28585.91940760784,0.0,46327.582432400544,-46327.582432400544,15193.729285244031,112048.8023459332,42.300135926203744,12076.59038080568,28585.91940760784,76.50786120067376,78.31795742637355,32.36292928211629,32.3629292821163,0.0,46327.582432400544,1251.577018511877,165661.82
vb_site_h_all_site_J_03.csv,94.35001595799868,412.44883506609614,0.0,42.628799595438096,0.0,0.0,0.0,0.0,0.0,0.0,0.0,0.0,0.0,0.0,0.0,0.0,0.0,0.0,0.0,0.0,0.0,0.0,0.0,0.0,0.0,0.0,0.0,0.0,0.0,0.0,0.0,0.0,0.0,0.0,0.0,0.0,0.0,0.0,0.0,0.0,0.0,0.0,0.0,0.0,0.0,0.0,0.0,0.0,0.0,0.0,0.0,0.0,0.0,0.0,0.0,0.0,0.0,0.0,0.0,0.0,0.0,0.0,0.0,0.0,0.0,0.0,0.0,0.0,0.0,0.0,0.0,0.0,0.0,0.0,0.0,0.0,0.0,0.0,0.0,0.0,0.0,0.0,0.0,0.0,0.0,2235.2649024518996,27394.19496092817,0.0,45135.857985720875,-45135.857985720875,17874.714656348755,106854.1666994925,44.39524444639863,11633.333033424187,27394.19496092817,72.7642995868164,74.49208703838285,32.30388867127697,32.30388867127725,0.0,45135.857985720875,1193.8990009664574,157843.87700000044
vb_site_h_all_site_J_04.csv,94.14310590964106,427.55326859620277,0.0,45.32525371538101,0.0,0.0,0.0,0.0,0.0,0.0,0.0,0.0,0.0,0.0,0.0,0.0,0.0,0.0,0.0,0.0,0.0,0.0,0.0,0.0,0.0,0.0,0.0,0.0,0.0,0.0,0.0,0.0,0.0,0.0,0.0,0.0,0.0,0.0,0.0,0.0,0.0,0.0,0.0,0.0,0.0,0.0,0.0,0.0,0.0,0.0,0.0,0.0,0.0,0.0,0.0,0.0,0.0,0.0,0.0,0.0,0.0,0.0,0.0,0.0,0.0,0.0,0.0,0.0,0.0,0.0,0.0,0.0,0.0,0.0,0.0,0.0,0.0,0.0,0.0,0.0,0.0,0.0,0.0,0.0,0.0,2235.2649024518996,26185.90216917315,0.0,43927.56519396586,-43927.56519396586,18601.48587983892,98234.29898130456,47.20343376745507,11536.914836073724,26185.90216917315,71.66482993669248,73.45495623835575,33.82826053372595,33.828260533725725,0.0,43927.56519396586,1237.5830592883544,148453.55399999965
vb_site_h_all_site_J_05.csv,93.6963070372386,460.16958628158284,0.0,41.78289724092773,0.0,0.0,0.0,0.0,0.0,0.0,0.0,0.0,0.0,0.0,0.0,0.0,0.0,0.0,0.0,0.0,0.0,0.0,0.0,0.0,0.0,0.0,0.0,0.0,0.0,0.0,0.0,0.0,0.0,0.0,0.0,0.0,0.0,0.0,0.0,0.0,0.0,0.0,0.0,0.0,0.0,0.0,0.0,0.0,0.0,0.0,0.0,0.0,0.0,0.0,0.0,0.0,0.0,0.0,0.0,0.0,0.0,0.0,0.0,0.0,0.0,0.0,0.0,0.0,0.0,0.0,0.0,0.0,0.0,0.0,0.0,0.0,0.0,0.0,0.0,0.0,0.0,0.0,0.0,0.0,0.0,2235.2649024518996,27992.454849989525,0.0,45734.117874782234,-45734.117874782234,15692.288854261762,108005.3337441793,43.51428973590543,11999.88189200586,27992.454849989525,75.68175352711658,77.60649353242161,32.93237750700334,32.93237750700325,0.0,45734.117874782234,1331.9138477402214,161039.45499999987
vb_site_h_all_site_J_06.csv,94.15309164622029,426.824309825919,0.0,42.73743134032227,0.0,0.0,0.0,0.0,0.0,0.0,0.0,0.0,0.0,0.0,0.0,0.0,0.0,0.0,0.0,0.0,0.0,0.0,0.0,0.0,0.0,0.0,0.0,0.0,0.0,0.0,0.0,0.0,0.0,0.0,0.0,0.0,0.0,0.0,0.0,0.0,0.0,0.0,0.0,0.0,0.0,0.0,0.0,0.0,0.0,0.0,0.0,0.0,0.0,0.0,0.0,0.0,0.0,0.0,0.0,0.0,0.0,0.0,0.0,0.0,0.0,0.0,0.0,0.0,0.0,0.0,0.0,0.0,0.0,0.0,0.0,0.0,0.0,0.0,0.0,0.0,0.0,0.0,0.0,0.0,0.0,2235.2649024518996,27268.207457704033,0.0,45009.87048249674,-45009.87048249674,16171.82547566823,104791.63933008364,44.50837765480564,11736.049341169404,27268.207457704033,75.13505837337978,76.9221761245127,33.44139553198254,33.44139553198259,0.0,45009.87048249674,1235.474812238122,157442.66300000006
vb_site_h_all_site_J_07.csv,94.17398153620866,425.2993478567683,0.0,45.561251049085534,0.0,0.0,0.0,0.0,0.0,0.0,0.0,0.0,0.0,0.0,0.0,0.0,0.0,0.0,0.0,0.0,0.0,0.0,0.0,0.0,0.0,0.0,0.0,0.0,0.0,0.0,0.0,0.0,0.0,0.0,0.0,0.0,0.0,0.0,0.0,0.0,0.0,0.0,0.0,0.0,0.0,0.0,0.0,0.0,0.0,0.0,0.0,0.0,0.0,0.0,0.0,0.0,0.0,0.0,0.0,0.0,0.0,0.0,0.0,0.0,0.0,0.0,0.0,0.0,0.0,0.0,0.0,0.0,0.0,0.0,0.0,0.0,0.0,0.0,0.0,0.0,0.0,0.0,0.0,0.0,0.0,2235.2649024518996,26126.145834179315,0.0,43867.80885897202,-43867.80885897202,18662.07486673214,97519.41232551991,47.449210318001704,11541.58452363374,26126.145834179315,71.58766945270347,73.36849339775561,33.96778384036912,33.96778384036875,0.0,43867.80885897202,1231.0644166104912,147684.59699999946
vb_site_h_all_site_J_08.csv,94.21498146141144,422.30635331696453,0.0,41.89325293365834,0.0,0.0,0.0,0.0,0.0,0.0,0.0,0.0,0.0,0.0,0.0,0.0,0.0,0.0,0.0,0.0,0.0,0.0,0.0,0.0,0.0,0.0,0.0,0.0,0.0,0.0,0.0,0.0,0.0,0.0,0.0,0.0,0.0,0.0,0.0,0.0,0.0,0.0,0.0,0.0,0.0,0.0,0.0,0.0,0.0,0.0,0.0,0.0,0.0,0.0,0.0,0.0,0.0,0.0,0.0,0.0,0.0,0.0,0.0,0.0,0.0,0.0,0.0,0.0,0.0,0.0,0.0,0.0,0.0,0.0,0.0,0.0,0.0,0.0,0.0,0.0,0.0,0.0,0.0,0.0,0.0,2235.2649024518996,27739.056763373155,0.0,45480.719788165865,-45480.719788165865,15811.017592120566,107590.34490714941,43.62921832881263,11812.655880636286,27739.056763373155,75.66859171486975,77.43706300614078,33.01361508561835,33.0136150856184,0.0,45480.719788165865,1222.408272851549,160615.24300000007
vb_site_h_all_site_J_09.csv,94.04619782528485,434.6275587542058,0.0,42.28850152622595,0.0,0.0,0.0,0.0,0.0,0.0,0.0,0.0,0.0,0.0,0.0,0.0,0.0,0.0,0.0,0.0,0.0,0.0,0.0,0.0,0.0,0.0,0.0,0.0,0.0,0.0,0.0,0.0,0.0,0.0,0.0,0.0,0.0,0.0,0.0,0.0,0.0,0.0,0.0,0.0,0.0,0.0,0.0,0.0,0.0,0.0,0.0,0.0,0.0,0.0,0.0,0.0,0.0,0.0,0.0,0.0,0.0,0.0,0.0,0.0,0.0,0.0,0.0,0.0,0.0,0.0,0.0,0.0,0.0,0.0,0.0,0.0,0.0,0.0,0.0,0.0,0.0,0.0,0.0,0.0,0.0,2235.2649024518996,27860.841531709168,0.0,45602.50455650187,-45602.50455650187,16571.671643752194,106885.44654619167,44.040845164441656,12059.330777448858,27860.841531709168,74.53225685932003,76.35158009265385,32.82463584097708,32.824635840977066,0.0,45602.50455650187,1258.0428602621723,159114.05599999998
vb_site_h_all_site_J_10.csv,94.36497529452103,411.35680349996477,0.0,48.404661747832975,0.0,0.0,0.0,0.0,0.0,0.0,0.0,0.0,0.0,0.0,0.0,0.0,0.0,0.0,0.0,0.0,0.0,0.0,0.0,0.0,0.0,0.0,0.0,0.0,0.0,0.0,0.0,0.0,0.0,0.0,0.0,0.0,0.0,0.0,0.0,0.0,0.0,0.0,0.0,0.0,0.0,0.0,0.0,0.0,0.0,0.0,0.0,0.0,0.0,0.0,0.0,0.0,0.0,0.0,0.0,0.0,0.0,0.0,0.0,0.0,0.0,0.0,0.0,0.0,0.0,0.0,0.0,0.0,0.0,0.0,0.0,0.0,0.0,0.0,0.0,0.0,0.0,0.0,0.0,0.0,0.0,2235.2649024518996,24893.669290146157,0.0,42635.33231493887,-42635.33231493887,20616.742998227925,90758.39473884221,50.41044577924858,11233.311728306871,24893.669290146157,68.85582552610745,70.57910595713807,34.7105285926924,34.71052859269204,0.0,42635.33231493887,1190.7406984369977,139009.2349999995
vb_site_h_all_site_J_11.csv,94.30665822844247,415.6139493236997,0.0,46.53429934222227,0.0,0.0,0.0,0.0,0.0,0.0,0.0,0.0,0.0,0.0,0.0,0.0,0.0,0.0,0.0,0.0,0.0,0.0,0.0,0.0,0.0,0.0,0.0,0.0,0.0,0.0,0.0,0.0,0.0,0.0,0.0,0.0,0.0,0.0,0.0,0.0,0.0,0.0,0.0,0.0,0.0,0.0,0.0,0.0,0.0,0.0,0.0,0.0,0.0,0.0,0.0,0.0,0.0,0.0,0.0,0.0,0.0,0.0,0.0,0.0,0.0,0.0,0.0,0.0,0.0,0.0,0.0,0.0,0.0,0.0,0.0,0.0,0.0,0.0,0.0,0.0,0.0,0.0,0.0,0.0,0.0,2235.2649024518996,25854.198253797553,0.0,43595.86127859026,-43595.86127859026,19949.639816905503,95690.82979723922,48.46257961861366,11490.353155314962,25854.198253797553,69.79023766457098,71.53108814050381,33.82214949421241,33.82214949421288,0.0,43595.86127859026,1203.0529381564256,144596.46100000068
vb_site_h_all_site_J_12.csv,94.11297644696427,429.7527193716085,0.0,44.904855118919116,0.0,0.0,0.0,0.0,0.0,0.0,0.0,0.0,0.0,0.0,0.0,0.0,0.0,0.0,0.0,0.0,0.0,0.0,0.0,0.0,0.0,0.0,0.0,0.0,0.0,0.0,0.0,0.0,0.0,0.0,0.0,0.0,0.0,0.0,0.0,0.0,0.0,0.0,0.0,0.0,0.0,0.0,0.0,0.0,0.0,0.0,0.0,0.0,0.0,0.0,0.0,0.0,0.0,0.0,0.0,0.0,0.0,0.0,0.0,0.0,0.0,0.0,0.0,0.0,0.0,0.0,0.0,0.0,0.0,0.0,0.0,0.0,0.0,0.0,0.0,0.0,0.0,0.0,0.0,0.0,0.0,2235.2649024518996,26344.214478887014,0.0,44085.87750367972,-44085.87750367972,18601.667451407786,99630.66166107108,46.76561476640475,11502.88962167166,26344.214478887014,71.65549327822112,73.45469712866566,33.51013194545994,33.51013194545976,0.0,44085.87750367972,1243.9441674859943,149843.37399999975
vb_site_h_all_site_J_13.csv,93.96836017324365,440.309707353213,0.0,42.071816175257595,0.0,0.0,0.0,0.0,0.0,0.0,0.0,0.0,0.0,0.0,0.0,0.0,0.0,0.0,0.0,0.0,0.0,0.0,0.0,0.0,0.0,0.0,0.0,0.0,0.0,0.0,0.0,0.0,0.0,0.0,0.0,0.0,0.0,0.0,0.0,0.0,0.0,0.0,0.0,0.0,0.0,0.0,0.0,0.0,0.0,0.0,0.0,0.0,0.0,0.0,0.0,0.0,0.0,0.0,0.0,0.0,0.0,0.0,0.0,0.0,0.0,0.0,0.0,0.0,0.0,0.0,0.0,0.0,0.0,0.0,0.0,0.0,0.0,0.0,0.0,0.0,0.0,0.0,0.0,0.0,0.0,2235.2649024518996,27624.032776237305,0.0,45365.695801030015,-45365.695801030015,16198.5407613786,107348.2452036988,43.81518084324357,11722.64477676227,27624.032776237305,75.04127783900412,76.8840523728475,32.87947159224052,32.87947159224049,0.0,45365.695801030015,1274.4764001428978,159933.55199999997
vb_site_h_all_site_J_14.csv,94.32771881609334,414.0765264251868,0.0,45.63897116726176,0.0,0.0,0.0,0.0,0.0,0.0,0.0,0.0,0.0,0.0,0.0,0.0,0.0,0.0,0.0,0.0,0.0,0.0,0.0,0.0,0.0,0.0,0.0,0.0,0.0,0.0,0.0,0.0,0.0,0.0,0.0,0.0,0.0,0.0,0.0,0.0,0.0,0.0,0.0,0.0,0.0,0.0,0.0,0.0,0.0,0.0,0.0,0.0,0.0,0.0,0.0,0.0,0.0,0.0,0.0,0.0,0.0,0.0,0.0,0.0,0.0,0.0,0.0,0.0,0.0,0.0,0.0,0.0,0.0,0.0,0.0,0.0,0.0,0.0,0.0,0.0,0.0,0.0,0.0,0.0,0.0,2235.2649024518996,26144.14627074439,0.0,43885.809295537096,-43885.809295537096,18539.60752113874,97112.99006715699,47.53015098904058,11607.916595115386,26144.14627074439,71.80875382142506,73.54325906266804,34.13080911467178,34.13080911467149,0.0,43885.809295537096,1198.6065038409517,147433.09999999957
vb_site_h_all_site_J_15.csv,94.07389006364535,432.606025353889,0.0,43.688839061688455,0.0,0.0,0.0,0.0,0.0,0.0,0.0,0.0,0.0,0.0,0.0,0.0,0.0,0.0,0.0,0.0,0.0,0.0,0.0,0.0,0.0,0.0,0.0,0.0,0.0,0.0,0.0,0.0,0.0,0.0,0.0,0.0,0.0,0.0,0.0,0.0,0.0,0.0,0.0,0.0,0.0,0.0,0.0,0.0,0.0,0.0,0.0,0.0,0.0,0.0,0.0,0.0,0.0,0.0,0.0,0.0,0.0,0.0,0.0,0.0,0.0,0.0,0.0,0.0,0.0,0.0,0.0,0.0,0.0,0.0,0.0,0.0,0.0,0.0,0.0,0.0,0.0,0.0,0.0,0.0,0.0,2235.2649024518996,26771.390440388826,0.0,44513.05346518153,-44513.05346518153,16973.0558677471,102180.97722302655,45.49920964536357,11592.487116402332,26771.390440388826,73.96780921203067,75.77878919519513,33.65476858346438,33.65476858346439,0.0,44513.05346518153,1252.1963131021591,154014.049
vb_site_h_all_site_J_16.csv,94.04901178506344,434.42213969036885,0.0,45.517767646881474,0.0,0.0,0.0,0.0,0.0,0.0,0.0,0.0,0.0,0.0,0.0,0.0,0.0,0.0,0.0,0.0,0.0,0.0,0.0,0.0,0.0,0.0,0.0,0.0,0.0,0.0,0.0,0.0,0.0,0.0,0.0,0.0,0.0,0.0,0.0,0.0,0.0,0.0,0.0,0.0,0.0,0.0,0.0,0.0,0.0,0.0,0.0,0.0,0.0,0.0,0.0,0.0,0.0,0.0,0.0,0.0,0.0,0.0,0.0,0.0,0.0,0.0,0.0,0.0,0.0,0.0,0.0,0.0,0.0,0.0,0.0,0.0,0.0,0.0,0.0,0.0,0.0,0.0,0.0,0.0,0.0,2235.2649024518996,26159.72012394698,0.0,43901.38314873968,-43901.38314873968,20171.856577104547,99196.66237991446,47.403925058071074,11407.103097923955,26159.72012394698,69.3955007516401,71.21397618169799,32.89619116998062,32.896191169980284,0.0,43901.38314873968,1257.4487606326084,147825.68099999952
vb_site_h_all_site_J_17.csv,94.17007375330795,425.58461600852013,0.0,42.50258289588979,0.0,0.0,0.0,0.0,0.0,0.0,0.0,0.0,0.0,0.0,0.0,0.0,0.0,0.0,0.0,0.0,0.0,0.0,0.0,0.0,0.0,0.0,0.0,0.0,0.0,0.0,0.0,0.0,0.0,0.0,0.0,0.0,0.0,0.0,0.0,0.0,0.0,0.0,0.0,0.0,0.0,0.0,0.0,0.0,0.0,0.0,0.0,0.0,0.0,0.0,0.0,0.0,0.0,0.0,0.0,0.0,0.0,0.0,0.0,0.0,0.0,0.0,0.0,0.0,0.0,0.0,0.0,0.0,0.0,0.0,0.0,0.0,0.0,0.0,0.0,0.0,0.0,0.0,0.0,0.0,0.0,2235.2649024518996,27372.38183812557,0.0,45114.04486291828,-45114.04486291828,16615.821611607927,106102.0011043537,44.26379760100671,11702.797853737604,27372.38183812557,74.5065750709373,76.28857637153305,32.97943958884181,32.97943958884177,0.0,45114.04486291828,1231.8894505684748,158312.61399999994
vb_site_h_all_site_J_18.csv,94.17523045036455,425.2081771233872,0.0,42.220304907793064,0.0,0.0,0.0,0.0,0.0,0.0,0.0,0.0,0.0,0.0,0.0,0.0,0.0,0.0,0.0,0.0,0.0,0.0,0.0,0.0,0.0,0.0,0.0,0.0,0.0,0.0,0.0,0.0,0.0,0.0,0.0,0.0,0.0,0.0,0.0,0.0,0.0,0.0,0.0,0.0,0.0,0.0,0.0,0.0,0.0,0.0,0.0,0.0,0.0,0.0,0.0,0.0,0.0,0.0,0.0,0.0,0.0,0.0,0.0,0.0,0.0,0.0,0.0,0.0,0.0,0.0,0.0,0.0,0.0,0.0,0.0,0.0,0.0,0.0,0.0,0.0,0.0,0.0,0.0,0.0,0.0,2235.2649024518996,27681.66731955335,0.0,45423.33034434605,-45423.33034434605,15899.478021517294,106443.02080225147,43.969822626287204,11927.13323288618,27681.66731955335,75.53037886695353,77.31082653316874,33.210573616762176,33.21057361676199,0.0,45423.33034434605,1230.8007385568662,159371.0659999997
vb_site_h_all_site_J_19.csv,94.17424577036171,425.2800587635956,0.0,44.90063454232203,0.0,0.0,0.0,0.0,0.0,0.0,0.0,0.0,0.0,0.0,0.0,0.0,0.0,0.0,0.0,0.0,0.0,0.0,0.0,0.0,0.0,0.0,0.0,0.0,0.0,0.0,0.0,0.0,0.0,0.0,0.0,0.0,0.0,0.0,0.0,0.0,0.0,0.0,0.0,0.0,0.0,0.0,0.0,0.0,0.0,0.0,0.0,0.0,0.0,0.0,0.0,0.0,0.0,0.0,0.0,0.0,0.0,0.0,0.0,0.0,0.0,0.0,0.0,0.0,0.0,0.0,0.0,0.0,0.0,0.0,0.0,0.0,0.0,0.0,0.0,0.0,0.0,0.0,0.0,0.0,0.0,2235.2649024518996,26536.374958626333,0.0,44278.03798341904,-44278.03798341904,19009.79587388628,100039.93954601583,46.761219298282015,11629.290438369662,26536.374958626333,71.09153766236793,72.87228199768924,33.243269828820615,33.243269828820516,0.0,44278.03798341904,1231.0086299522548,149857.45899999983
vb_site_h_all_site_J_20.csv,94.28686629463606,417.0587604915681,0.0,47.49434046001674,0.0,0.0,0.0,0.0,0.0,0.0,0.0,0.0,0.0,0.0,0.0,0.0,0.0,0.0,0.0,0.0,0.0,0.0,0.0,0.0,0.0,0.0,0.0,0.0,0.0,0.0,0.0,0.0,0.0,0.0,0.0,0.0,0.0,0.0,0.0,0.0,0.0,0.0,0.0,0.0,0.0,0.0,0.0,0.0,0.0,0.0,0.0,0.0,0.0,0.0,0.0,0.0,0.0,0.0,0.0,0.0,0.0,0.0,0.0,0.0,0.0,0.0,0.0,0.0,0.0,0.0,0.0,0.0,0.0,0.0,0.0,0.0,0.0,0.0,0.0,0.0,0.0,0.0,0.0,0.0,0.0,2235.2649024518996,25680.816587231973,0.0,43422.479612024676,-43422.479612024676,21049.449677284498,93871.97424632168,49.462402754793175,11550.24658820918,25680.816587231973,68.2148032136594,69.96161669817722,33.74068070392981,33.740680703929584,0.0,43422.479612024676,1207.2315268599004,141673.61699999968
vb_site_h_all_site_J_21.csv,94.0642560905984,433.3093053863163,0.0,44.272039214132604,0.0,0.0,0.0,0.0,0.0,0.0,0.0,0.0,0.0,0.0,0.0,0.0,0.0,0.0,0.0,0.0,0.0,0.0,0.0,0.0,0.0,0.0,0.0,0.0,0.0,0.0,0.0,0.0,0.0,0.0,0.0,0.0,0.0,0.0,0.0,0.0,0.0,0.0,0.0,0.0,0.0,0.0,0.0,0.0,0.0,0.0,0.0,0.0,0.0,0.0,0.0,0.0,0.0,0.0,0.0,0.0,0.0,0.0,0.0,0.0,0.0,0.0,0.0,0.0,0.0,0.0,0.0,0.0,0.0,0.0,0.0,0.0,0.0,0.0,0.0,0.0,0.0,0.0,0.0,0.0,0.0,2235.2649024518996,26747.25346175793,0.0,44488.91648655063,-44488.91648655063,17488.470791811138,100669.58312776864,46.10657634521561,11748.6658435873,26747.25346175793,73.22938950139451,75.04327205408796,33.76356437759576,33.76356437759543,0.0,44488.91648655063,1254.230293780212,151985.20599999948
vb_site_h_all_site_J_22.csv,94.38811170932296,409.66784521942446,0.0,50.48405403243596,0.0,0.0,0.0,0.0,0.0,0.0,0.0,0.0,0.0,0.0,0.0,0.0,0.0,0.0,0.0,0.0,0.0,0.0,0.0,0.0,0.0,0.0,0.0,0.0,0.0,0.0,0.0,0.0,0.0,0.0,0.0,0.0,0.0,0.0,0.0,0.0,0.0,0.0,0.0,0.0,0.0,0.0,0.0,0.0,0.0,0.0,0.0,0.0,0.0,0.0,0.0,0.0,0.0,0.0,0.0,0.0,0.0,0.0,0.0,0.0,0.0,0.0,0.0,0.0,0.0,0.0,0.0,0.0,0.0,0.0,0.0,0.0,0.0,0.0,0.0,0.0,0.0,0.0,0.0,0.0,0.0,2235.2649024518996,24285.062791771907,0.0,42026.72581656461,-42026.72581656461,21789.03907718684,86200.1421227291,52.5760035629771,11221.303476833045,24285.062791771907,67.18988408071431,68.90619386191153,35.32575584823655,35.32575584823634,0.0,42026.72581656461,1185.8560033649628,133283.57099999973
vb_site_h_all_site_J_23.csv,94.28368732969909,417.29082493196603,0.0,42.484784719099274,0.0,0.0,0.0,0.0,0.0,0.0,0.0,0.0,0.0,0.0,0.0,0.0,0.0,0.0,0.0,0.0,0.0,0.0,0.0,0.0,0.0,0.0,0.0,0.0,0.0,0.0,0.0,0.0,0.0,0.0,0.0,0.0,0.0,0.0,0.0,0.0,0.0,0.0,0.0,0.0,0.0,0.0,0.0,0.0,0.0,0.0,0.0,0.0,0.0,0.0,0.0,0.0,0.0,0.0,0.0,0.0,0.0,0.0,0.0,0.0,0.0,0.0,0.0,0.0,0.0,0.0,0.0,0.0,0.0,0.0,0.0,0.0,0.0,0.0,0.0,0.0,0.0,0.0,0.0,0.0,0.0,2235.2649024518996,27221.25197103191,0.0,44962.91499582462,-44962.91499582462,14920.992219260226,104449.50694994863,44.24526190643369,11685.772088978107,27221.25197103191,76.95939256797152,78.70716382626709,34.05088480329946,34.05088480329944,0.0,44962.91499582462,1207.9026885111139,158378.93599999996
vb_site_h_all_site_J_24.csv,94.19640746019557,423.6622554057234,0.0,44.06155898171565,0.0,0.0,0.0,0.0,0.0,0.0,0.0,0.0,0.0,0.0,0.0,0.0,0.0,0.0,0.0,0.0,0.0,0.0,0.0,0.0,0.0,0.0,0.0,0.0,0.0,0.0,0.0,0.0,0.0,0.0,0.0,0.0,0.0,0.0,0.0,0.0,0.0,0.0,0.0,0.0,0.0,0.0,0.0,0.0,0.0,0.0,0.0,0.0,0.0,0.0,0.0,0.0,0.0,0.0,0.0,0.0,0.0,0.0,0.0,0.0,0.0,0.0,0.0,0.0,0.0,0.0,0.0,0.0,0.0,0.0,0.0,0.0,0.0,0.0,0.0,0.0,0.0,0.0,0.0,0.0,0.0,2235.2649024518996,26637.623319751132,0.0,44379.286344543834,-44379.286344543834,18466.670014253425,102345.9087809412,45.887374269202056,11496.89189533504,26637.623319751132,71.87327636623694,73.64734372153039,32.980759325713095,32.98075932571278,0.0,44379.286344543834,1226.3297245104952,152711.2329999995
vb_site_h_all_site_J_25.csv,94.13737759960758,427.97143522864735,0.0,42.90985879146828,0.0,0.0,0.0,0.0,0.0,0.0,0.0,0.0,0.0,0.0,0.0,0.0,0.0,0.0,0.0,0.0,0.0,0.0,0.0,0.0,0.0,0.0,0.0,0.0,0.0,0.0,0.0,0.0,0.0,0.0,0.0,0.0,0.0,0.0,0.0,0.0,0.0,0.0,0.0,0.0,0.0,0.0,0.0,0.0,0.0,0.0,0.0,0.0,0.0,0.0,0.0,0.0,0.0,0.0,0.0,0.0,0.0,0.0,0.0,0.0,0.0,0.0,0.0,0.0,0.0,0.0,0.0,0.0,0.0,0.0,0.0,0.0,0.0,0.0,0.0,0.0,0.0,0.0,0.0,0.0,0.0,2235.2649024518996,27611.2341155001,0.0,45352.89714029281,-45352.89714029281,18814.359410891415,106804.8289066401,44.68795012495598,11871.549821551615,27611.2341155001,71.35932527656144,73.1511774308999,31.889019689094887,31.889019689094894,0.0,45352.89714029281,1238.7924535714035,156810.001
vb_site_h_all_site_J_26.csv,94.28584548976148,417.13327924741185,0.0,42.7557798423472,0.0,0.0,0.0,0.0,0.0,0.0,0.0,0.0,0.0,0.0,0.0,0.0,0.0,0.0,0.0,0.0,0.0,0.0,0.0,0.0,0.0,0.0,0.0,0.0,0.0,0.0,0.0,0.0,0.0,0.0,0.0,0.0,0.0,0.0,0.0,0.0,0.0,0.0,0.0,0.0,0.0,0.0,0.0,0.0,0.0,0.0,0.0,0.0,0.0,0.0,0.0,0.0,0.0,0.0,0.0,0.0,0.0,0.0,0.0,0.0,0.0,0.0,0.0,0.0,0.0,0.0,0.0,0.0,0.0,0.0,0.0,0.0,0.0,0.0,0.0,0.0,0.0,0.0,0.0,0.0,0.0,2235.2649024518996,27148.89259440257,0.0,44890.55561919527,-44890.55561919527,15686.873732109158,104211.09381943571,44.52748647889529,11693.122623530291,27148.89259440257,75.86710008482902,77.61422112232728,33.7817127322022,33.78171273220167,0.0,44890.55561919527,1207.4470451492707,157375.09699999916
vb_site_h_all_site_J_27.csv,94.11703559056949,429.45640188842793,0.0,41.45660735710526,0.0,0.0,0.0,0.0,0.0,0.0,0.0,0.0,0.0,0.0,0.0,0.0,0.0,0.0,0.0,0.0,0.0,0.0,0.0,0.0,0.0,0.0,0.0,0.0,0.0,0.0,0.0,0.0,0.0,0.0,0.0,0.0,0.0,0.0,0.0,0.0,0.0,0.0,0.0,0.0,0.0,0.0,0.0,0.0,0.0,0.0,0.0,0.0,0.0,0.0,0.0,0.0,0.0,0.0,0.0,0.0,0.0,0.0,0.0,0.0,0.0,0.0,0.0,0.0,0.0,0.0,0.0,0.0,0.0,0.0,0.0,0.0,0.0,0.0,0.0,0.0,0.0,0.0,0.0,0.0,0.0,2235.2649024518996,27708.847713497165,0.0,45450.51073828987,-45450.51073828987,14241.655635720243,107733.35685526924,43.174479108110134,11787.604190022486,27708.847713497165,77.8786226581307,79.67660355035385,33.62368966921856,33.62368966921815,0.0,45450.51073828987,1243.0871773717129,162306.93799999933
vb_site_h_all_site_J_28.csv,94.40042324241631,408.7691033036095,0.0,49.11572683939056,0.0,0.0,0.0,0.0,0.0,0.0,0.0,0.0,0.0,0.0,0.0,0.0,0.0,0.0,0.0,0.0,0.0,0.0,0.0,0.0,0.0,0.0,0.0,0.0,0.0,0.0,0.0,0.0,0.0,0.0,0.0,0.0,0.0,0.0,0.0,0.0,0.0,0.0,0.0,0.0,0.0,0.0,0.0,0.0,0.0,0.0,0.0,0.0,0.0,0.0,0.0,0.0,0.0,0.0,0.0,0.0,0.0,0.0,0.0,0.0,0.0,0.0,0.0,0.0,0.0,0.0,0.0,0.0,0.0,0.0,0.0,0.0,0.0,0.0,0.0,0.0,0.0,0.0,0.0,0.0,0.0,2235.2649024518996,24570.1649053935,0.0,42311.827930186206,-42311.827930186206,21610.406721465723,89732.09048420875,51.15097586352471,11088.830054995262,24570.1649053935,67.44850867697471,69.16110918053143,34.5005703936667,34.50057039366661,0.0,42311.827930186206,1183.2567205657379,136996.75099999987
vb_site_h_all_site_J_29.csv,93.88050659352066,446.72301867299115,0.0,37.88340628889231,0.0,0.0,0.0,0.0,0.0,0.0,0.0,0.0,0.0,0.0,0.0,0.0,0.0,0.0,0.0,0.0,0.0,0.0,0.0,0.0,0.0,0.0,0.0,0.0,0.0,0.0,0.0,0.0,0.0,0.0,0.0,0.0,0.0,0.0,0.0,0.0,0.0,0.0,0.0,0.0,0.0,0.0,0.0,0.0,0.0,0.0,0.0,0.0,0.0,0.0,0.0,0.0,0.0,0.0,0.0,0.0,0.0,0.0,0.0,0.0,0.0,0.0,0.0,0.0,0.0,0.0,0.0,0.0,0.0,0.0,0.0,0.0,0.0,0.0,0.0,0.0,0.0,0.0,0.0,0.0,0.0,2235.2649024518996,30193.558376394223,0.0,47935.22140118693,-47935.22140118693,12368.767905876932,121219.36050925005,39.45321234984039,12486.3855248058,30193.558376394223,80.4800436963732,82.34928717737643,31.751962538774453,31.751962538774194,0.0,47935.22140118693,1293.024561195828,177615.89199999953
vb_site_h_all_site_J_30.csv,94.20127160154318,423.3071730873475,0.0,43.93610946953584,0.0,0.0,0.0,0.0,0.0,0.0,0.0,0.0,0.0,0.0,0.0,0.0,0.0,0.0,0.0,0.0,0.0,0.0,0.0,0.0,0.0,0.0,0.0,0.0,0.0,0.0,0.0,0.0,0.0,0.0,0.0,0.0,0.0,0.0,0.0,0.0,0.0,0.0,0.0,0.0,0.0,0.0,0.0,0.0,0.0,0.0,0.0,0.0,0.0,0.0,0.0,0.0,0.0,0.0,0.0,0.0,0.0,0.0,0.0,0.0,0.0,0.0,0.0,0.0,0.0,0.0,0.0,0.0,0.0,0.0,0.0,0.0,0.0,0.0,0.0,0.0,0.0,0.0,0.0,0.0,0.0,2235.2649024518996,26761.218098549387,0.0,44502.88112334209,-44502.88112334209,16188.912233574,100503.15605432077,45.756726401756595,11774.035086454049,26761.218098549387,75.12519079298,76.89779265647776,34.3748280099415,34.37482800994127,0.0,44502.88112334209,1225.3027785694874,153147.26499999964
vb_site_h_all_site_J_31.csv,94.56432168235169,396.8045171883263,0.0,50.99852653128948,0.0,0.0,0.0,0.0,0.0,0.0,0.0,0.0,0.0,0.0,0.0,0.0,0.0,0.0,0.0,0.0,0.0,0.0,0.0,0.0,0.0,0.0,0.0,0.0,0.0,0.0,0.0,0.0,0.0,0.0,0.0,0.0,0.0,0.0,0.0,0.0,0.0,0.0,0.0,0.0,0.0,0.0,0.0,0.0,0.0,0.0,0.0,0.0,0.0,0.0,0.0,0.0,0.0,0.0,0.0,0.0,0.0,0.0,0.0,0.0,0.0,0.0,0.0,0.0,0.0,0.0,0.0,0.0,0.0,0.0,0.0,0.0,0.0,0.0,0.0,0.0,0.0,0.0,0.0,0.0,0.0,2235.2649024518996,24143.561949915507,0.0,41885.22497470821,-41885.22497470821,22116.201270118287,85145.53883661328,53.111794684573596,11184.618512817675,24143.561949915507,66.77610029247876,68.43932068927249,35.46598528570627,35.465985285706054,0.0,41885.22497470821,1148.653524317715,131939.0079999997
vb_site_h_all_site_J_32.csv,94.06574761337333,433.2004242237472,0.0,46.69343355433159,0.0,0.0,0.0,0.0,0.0,0.0,0.0,0.0,0.0,0.0,0.0,0.0,0.0,0.0,0.0,0.0,0.0,0.0,0.0,0.0,0.0,0.0,0.0,0.0,0.0,0.0,0.0,0.0,0.0,0.0,0.0,0.0,0.0,0.0,0.0,0.0,0.0,0.0,0.0,0.0,0.0,0.0,0.0,0.0,0.0,0.0,0.0,0.0,0.0,0.0,0.0,0.0,0.0,0.0,0.0,0.0,0.0,0.0,0.0,0.0,0.0,0.0,0.0,0.0,0.0,0.0,0.0,0.0,0.0,0.0,0.0,0.0,0.0,0.0,0.0,0.0,0.0,0.0,0.0,0.0,0.0,2235.2649024518996,25604.74807317881,0.0,43346.41109797152,-43346.41109797152,19719.56837489576,95018.82681185051,48.62830800677907,11389.690528750569,25604.74807317881,70.04597585615164,71.85940903572178,34.06217288568353,34.06217288568314,0.0,43346.41109797152,1253.915394777457,144103.66699999943
vb_site_h_all_site_J_33.csv,94.2124121793301,422.49391090890214,0.0,45.62938279186775,0.0,0.0,0.0,0.0,0.0,0.0,0.0,0.0,0.0,0.0,0.0,0.0,0.0,0.0,0.0,0.0,0.0,0.0,0.0,0.0,0.0,0.0,0.0,0.0,0.0,0.0,0.0,0.0,0.0,0.0,0.0,0.0,0.0,0.0,0.0,0.0,0.0,0.0,0.0,0.0,0.0,0.0,0.0,0.0,0.0,0.0,0.0,0.0,0.0,0.0,0.0,0.0,0.0,0.0,0.0,0.0,0.0,0.0,0.0,0.0,0.0,0.0,0.0,0.0,0.0,0.0,0.0,0.0,0.0,0.0,0.0,0.0,0.0,0.0,0.0,0.0,0.0,0.0,0.0,0.0,0.0,2235.2649024518996,25824.935209489526,0.0,43566.59823428223,-43566.59823428223,19117.636528303854,97746.34428517724,47.52016529219946,11273.747921633083,25824.935209489526,70.94914381303745,72.71838918991621,33.7151504133557,33.71515041335583,0.0,43566.59823428223,1222.950714696099,147464.08100000018
vb_site_h_all_site_J_34.csv,94.0981782387009,430.83298857483476,0.0,42.9747396582883,0.0,0.0,0.0,0.0,0.0,0.0,0.0,0.0,0.0,0.0,0.0,0.0,0.0,0.0,0.0,0.0,0.0,0.0,0.0,0.0,0.0,0.0,0.0,0.0,0.0,0.0,0.0,0.0,0.0,0.0,0.0,0.0,0.0,0.0,0.0,0.0,0.0,0.0,0.0,0.0,0.0,0.0,0.0,0.0,0.0,0.0,0.0,0.0,0.0,0.0,0.0,0.0,0.0,0.0,0.0,0.0,0.0,0.0,0.0,0.0,0.0,0.0,0.0,0.0,0.0,0.0,0.0,0.0,0.0,0.0,0.0,0.0,0.0,0.0,0.0,0.0,0.0,0.0,0.0,0.0,0.0,2235.2649024518996,27301.08755736783,0.0,45042.75058216054,-45042.75058216054,16862.721149364686,104624.72364321799,44.75551951395368,11759.749940704834,27301.08755736783,74.13257880375306,75.93624112924005,33.178420772710794,33.178420772710695,0.0,45042.75058216054,1247.0684516759936,156573.25799999986
vb_site_h_all_site_J_35.csv,94.2960464107642,416.3886120142125,0.0,48.66961553723745,0.0,0.0,0.0,0.0,0.0,0.0,0.0,0.0,0.0,0.0,0.0,0.0,0.0,0.0,0.0,0.0,0.0,0.0,0.0,0.0,0.0,0.0,0.0,0.0,0.0,0.0,0.0,0.0,0.0,0.0,0.0,0.0,0.0,0.0,0.0,0.0,0.0,0.0,0.0,0.0,0.0,0.0,0.0,0.0,0.0,0.0,0.0,0.0,0.0,0.0,0.0,0.0,0.0,0.0,0.0,0.0,0.0,0.0,0.0,0.0,0.0,0.0,0.0,0.0,0.0,0.0,0.0,0.0,0.0,0.0,0.0,0.0,0.0,0.0,0.0,0.0,0.0,0.0,0.0,0.0,0.0,2235.2649024518996,24889.977384689013,0.0,42631.64040948172,-42631.64040948172,21723.386628867847,91122.83503815142,50.686378678116085,11209.241938899919,24889.977384689013,67.25583480370962,68.99988245888407,34.089547111736444,34.08954711173652,0.0,42631.64040948172,1205.2933671062904,138252.4790000001
vb_site_h_all_site_J_36.csv,93.99993122628925,438.00502048088435,0.0,43.52555990547698,0.0,0.0,0.0,0.0,0.0,0.0,0.0,0.0,0.0,0.0,0.0,0.0,0.0,0.0,0.0,0.0,0.0,0.0,0.0,0.0,0.0,0.0,0.0,0.0,0.0,0.0,0.0,0.0,0.0,0.0,0.0,0.0,0.0,0.0,0.0,0.0,0.0,0.0,0.0,0.0,0.0,0.0,0.0,0.0,0.0,0.0,0.0,0.0,0.0,0.0,0.0,0.0,0.0,0.0,0.0,0.0,0.0,0.0,0.0,0.0,0.0,0.0,0.0,0.0,0.0,0.0,0.0,0.0,0.0,0.0,0.0,0.0,0.0,0.0,0.0,0.0,0.0,0.0,0.0,0.0,0.0,2235.2649024518996,26702.809778134437,0.0,44444.47280292714,-44444.47280292714,16861.46313304841,102662.75811018953,45.32916455561664,11501.130927612745,26702.809778134437,74.10477371163445,75.93803636744758,33.59107481931412,33.59107481931419,0.0,44444.47280292714,1267.8109349638294,154591.8080000001
vb_site_h_all_site_J_37.csv,94.24762907094858,419.923077820754,0.0,42.36981882854273,0.0,0.0,0.0,0.0,0.0,0.0,0.0,0.0,0.0,0.0,0.0,0.0,0.0,0.0,0.0,0.0,0.0,0.0,0.0,0.0,0.0,0.0,0.0,0.0,0.0,0.0,0.0,0.0,0.0,0.0,0.0,0.0,0.0,0.0,0.0,0.0,0.0,0.0,0.0,0.0,0.0,0.0,0.0,0.0,0.0,0.0,0.0,0.0,0.0,0.0,0.0,0.0,0.0,0.0,0.0,0.0,0.0,0.0,0.0,0.0,0.0,0.0,0.0,0.0,0.0,0.0,0.0,0.0,0.0,0.0,0.0,0.0,0.0,0.0,0.0,0.0,0.0,0.0,0.0,0.0,0.0,2235.2649024518996,27859.0175611087,0.0,45600.6805859014,-45600.6805859014,16110.417532522824,106076.28909347611,44.12553207911756,12125.45333853963,27859.0175611087,75.25117258438763,77.00980764753388,33.20498029863609,33.20498029863582,0.0,45600.6805859014,1215.515518775992,158808.6799999996
vb_site_h_all_site_J_38.csv,94.21731487776289,422.1360139233087,0.0,43.61502679609896,0.0,0.0,0.0,0.0,0.0,0.0,0.0,0.0,0.0,0.0,0.0,0.0,0.0,0.0,0.0,0.0,0.0,0.0,0.0,0.0,0.0,0.0,0.0,0.0,0.0,0.0,0.0,0.0,0.0,0.0,0.0,0.0,0.0,0.0,0.0,0.0,0.0,0.0,0.0,0.0,0.0,0.0,0.0,0.0,0.0,0.0,0.0,0.0,0.0,0.0,0.0,0.0,0.0,0.0,0.0,0.0,0.0,0.0,0.0,0.0,0.0,0.0,0.0,0.0,0.0,0.0,0.0,0.0,0.0,0.0,0.0,0.0,0.0,0.0,0.0,0.0,0.0,0.0,0.0,0.0,0.0,2235.2649024518996,26946.04702615736,0.0,44687.71005095007,-44687.71005095007,18247.419667337825,103685.70733787311,45.42233875983344,11588.701824513386,26946.04702615736,72.19245422479723,73.96022249321703,32.791501117025085,32.79150111702475,0.0,44687.71005095007,1221.915628357991,154274.6959999995
vb_site_h_all_site_J_39.csv,94.16264140298006,426.12717758245554,0.0,46.545515927270934,0.0,0.0,0.0,0.0,0.0,0.0,0.0,0.0,0.0,0.0,0.0,0.0,0.0,0.0,0.0,0.0,0.0,0.0,0.0,0.0,0.0,0.0,0.0,0.0,0.0,0.0,0.0,0.0,0.0,0.0,0.0,0.0,0.0,0.0,0.0,0.0,0.0,0.0,0.0,0.0,0.0,0.0,0.0,0.0,0.0,0.0,0.0,0.0,0.0,0.0,0.0,0.0,0.0,0.0,0.0,0.0,0.0,0.0,0.0,0.0,0.0,0.0,0.0,0.0,0.0,0.0,0.0,0.0,0.0,0.0,0.0,0.0,0.0,0.0,0.0,0.0,0.0,0.0,0.0,0.0,0.0,2235.2649024518996,25548.209904631116,0.0,43289.87292942382,-43289.87292942382,19278.067053178765,95014.81770715072,48.4742609945805,11361.073020087446,25548.209904631116,70.70520803709225,72.48944859178239,34.2738270806612,34.27382708066084,0.0,43289.87292942382,1233.458611794665,144561.61599999946
vb_site_h_all_site_J_40.csv,94.0572220485455,433.82279045617867,0.0,43.102998762031675,0.0,0.0,0.0,0.0,0.0,0.0,0.0,0.0,0.0,0.0,0.0,0.0,0.0,0.0,0.0,0.0,0.0,0.0,0.0,0.0,0.0,0.0,0.0,0.0,0.0,0.0,0.0,0.0,0.0,0.0,0.0,0.0,0.0,0.0,0.0,0.0,0.0,0.0,0.0,0.0,0.0,0.0,0.0,0.0,0.0,0.0,0.0,0.0,0.0,0.0,0.0,0.0,0.0,0.0,0.0,0.0,0.0,0.0,0.0,0.0,0.0,0.0,0.0,0.0,0.0,0.0,0.0,0.0,0.0,0.0,0.0,0.0,0.0,0.0,0.0,0.0,0.0,0.0,0.0,0.0,0.0,2235.2649024518996,27307.054405781357,0.0,45048.71743057406,-45048.71743057406,16321.073371532655,103625.81677554613,44.88909339633372,11921.963286228583,27307.054405781357,74.89319177030528,76.70919357286888,33.61887480126766,33.61887480126701,0.0,45048.71743057406,1255.7153618361947,156107.351999999
vb_site_h_all_site_J_41.csv,94.36226284963917,411.55481197634094,0.0,52.604393984883735,0.0,0.0,0.0,0.0,0.0,0.0,0.0,0.0,0.0,0.0,0.0,0.0,0.0,0.0,0.0,0.0,0.0,0.0,0.0,0.0,0.0,0.0,0.0,0.0,0.0,0.0,0.0,0.0,0.0,0.0,0.0,0.0,0.0,0.0,0.0,0.0,0.0,0.0,0.0,0.0,0.0,0.0,0.0,0.0,0.0,0.0,0.0,0.0,0.0,0.0,0.0,0.0,0.0,0.0,0.0,0.0,0.0,0.0,0.0,0.0,0.0,0.0,0.0,0.0,0.0,0.0,0.0,0.0,0.0,0.0,0.0,0.0,0.0,0.0,0.0,0.0,0.0,0.0,0.0,0.0,0.0,2235.2649024518996,23194.909327317346,0.0,40936.57235211005,-40936.57235211005,23239.455328517273,82283.717736343,54.78420579695364,10695.64470516862,23194.909327317346,65.11229581521499,66.83639346462736,35.67125413852862,35.67125413852831,0.0,40936.57235211005,1191.3133656484417,127911.2729999996
vb_site_h_all_site_J_42.csv,94.10337191414096,430.4538502677096,0.0,44.23805845856653,0.0,0.0,0.0,0.0,0.0,0.0,0.0,0.0,0.0,0.0,0.0,0.0,0.0,0.0,0.0,0.0,0.0,0.0,0.0,0.0,0.0,0.0,0.0,0.0,0.0,0.0,0.0,0.0,0.0,0.0,0.0,0.0,0.0,0.0,0.0,0.0,0.0,0.0,0.0,0.0,0.0,0.0,0.0,0.0,0.0,0.0,0.0,0.0,0.0,0.0,0.0,0.0,0.0,0.0,0.0,0.0,0.0,0.0,0.0,0.0,0.0,0.0,0.0,0.0,0.0,0.0,0.0,0.0,0.0,0.0,0.0,0.0,0.0,0.0,0.0,0.0,0.0,0.0,0.0,0.0,0.0,2235.2649024518996,26763.53349743522,0.0,44505.196522227925,-44505.196522227925,18484.364166147294,101773.96314089661,46.07118750095665,11609.90271199923,26763.53349743522,71.8199959285709,73.62209347865291,33.08832498743133,33.08832498743101,0.0,44505.196522227925,1245.971932572017,152101.9509999995
vb_site_h_all_site_J_43.csv,94.28158245777446,417.444480582464,0.0,46.53047995229612,0.0,0.0,0.0,0.0,0.0,0.0,0.0,0.0,0.0,0.0,0.0,0.0,0.0,0.0,0.0,0.0,0.0,0.0,0.0,0.0,0.0,0.0,0.0,0.0,0.0,0.0,0.0,0.0,0.0,0.0,0.0,0.0,0.0,0.0,0.0,0.0,0.0,0.0,0.0,0.0,0.0,0.0,0.0,0.0,0.0,0.0,0.0,0.0,0.0,0.0,0.0,0.0,0.0,0.0,0.0,0.0,0.0,0.0,0.0,0.0,0.0,0.0,0.0,0.0,0.0,0.0,0.0,0.0,0.0,0.0,0.0,0.0,0.0,0.0,0.0,0.0,0.0,0.0,0.0,0.0,0.0,2235.2649024518996,25741.56646488692,0.0,43483.22948967962,-43483.22948967962,19479.040200623243,95237.39332417051,48.45860196146599,11483.81283355924,25741.56646488692,70.45424667035309,72.20265209454067,34.1411429589358,34.141142958935475,0.0,43483.22948967962,1208.3470813699728,144608.32999999952
vb_site_h_all_site_J_44.csv,94.15024512301888,427.0321060196218,0.0,42.50863136799833,0.0,0.0,0.0,0.0,0.0,0.0,0.0,0.0,0.0,0.0,0.0,0.0,0.0,0.0,0.0,0.0,0.0,0.0,0.0,0.0,0.0,0.0,0.0,0.0,0.0,0.0,0.0,0.0,0.0,0.0,0.0,0.0,0.0,0.0,0.0,0.0,0.0,0.0,0.0,0.0,0.0,0.0,0.0,0.0,0.0,0.0,0.0,0.0,0.0,0.0,0.0,0.0,0.0,0.0,0.0,0.0,0.0,0.0,0.0,0.0,0.0,0.0,0.0,0.0,0.0,0.0,0.0,0.0,0.0,0.0,0.0,0.0,0.0,0.0,0.0,0.0,0.0,0.0,0.0,0.0,0.0,2235.2649024518996,27507.15401463755,0.0,45248.81703943025,-45248.81703943025,17075.646953196323,106543.4867822214,44.270096708660084,11757.485785141182,27507.15401463755,73.84441236122271,75.6323877264955,32.690992766255036,32.690992766254794,0.0,45248.81703943025,1236.0757868477713,158290.0879999996
vb_site_h_all_site_J_45.csv,94.32704761780104,414.1255239005243,0.0,45.45723239176954,0.0,0.0,0.0,0.0,0.0,0.0,0.0,0.0,0.0,0.0,0.0,0.0,0.0,0.0,0.0,0.0,0.0,0.0,0.0,0.0,0.0,0.0,0.0,0.0,0.0,0.0,0.0,0.0,0.0,0.0,0.0,0.0,0.0,0.0,0.0,0.0,0.0,0.0,0.0,0.0,0.0,0.0,0.0,0.0,0.0,0.0,0.0,0.0,0.0,0.0,0.0,0.0,0.0,0.0,0.0,0.0,0.0,0.0,0.0,0.0,0.0,0.0,0.0,0.0,0.0,0.0,0.0,0.0,0.0,0.0,0.0,0.0,0.0,0.0,0.0,0.0,0.0,0.0,0.0,0.0,0.0,2235.2649024518996,25922.740883770304,0.0,43664.403908563014,-43664.403908563014,17751.00294053393,96913.96719385724,47.34088135349049,11471.314627363197,25922.740883770304,72.93392100491648,74.66862846799476,34.52756100938599,34.52756100938595,0.0,43664.403908563014,1198.748211146021,148022.53999999995
vb_site_h_all_site_J_46.csv,94.18696738863817,424.35138062941417,0.0,45.94015532299761,0.0,0.0,0.0,0.0,0.0,0.0,0.0,0.0,0.0,0.0,0.0,0.0,0.0,0.0,0.0,0.0,0.0,0.0,0.0,0.0,0.0,0.0,0.0,0.0,0.0,0.0,0.0,0.0,0.0,0.0,0.0,0.0,0.0,0.0,0.0,0.0,0.0,0.0,0.0,0.0,0.0,0.0,0.0,0.0,0.0,0.0,0.0,0.0,0.0,0.0,0.0,0.0,0.0,0.0,0.0,0.0,0.0,0.0,0.0,0.0,0.0,0.0,0.0,0.0,0.0,0.0,0.0,0.0,0.0,0.0,0.0,0.0,0.0,0.0,0.0,0.0,0.0,0.0,0.0,0.0,0.0,2235.2649024518996,25496.577622832396,0.0,43238.240647625105,-43238.240647625105,18316.57331628555,95953.09912603602,47.84381556191554,11187.282261308981,25496.577622832396,72.08462604153245,73.86153754678571,34.48803553180732,34.48803553180696,0.0,43238.240647625105,1228.3227675731714,146466.52699999948
vb_site_h_all_site_J_47.csv,94.0879307196796,431.5810574633889,0.0,45.49549288534622,0.0,0.0,0.0,0.0,0.0,0.0,0.0,0.0,0.0,0.0,0.0,0.0,0.0,0.0,0.0,0.0,0.0,0.0,0.0,0.0,0.0,0.0,0.0,0.0,0.0,0.0,0.0,0.0,0.0,0.0,0.0,0.0,0.0,0.0,0.0,0.0,0.0,0.0,0.0,0.0,0.0,0.0,0.0,0.0,0.0,0.0,0.0,0.0,0.0,0.0,0.0,0.0,0.0,0.0,0.0,0.0,0.0,0.0,0.0,0.0,0.0,0.0,0.0,0.0,0.0,0.0,0.0,0.0,0.0,0.0,0.0,0.0,0.0,0.0,0.0,0.0,0.0,0.0,0.0,0.0,0.0,2235.2649024518996,25755.049794044626,0.0,43496.71281883733,-43496.71281883733,18401.26370618636,97490.22871612858,47.38072727880617,11225.697177693095,25755.049794044626,71.93393131970612,73.74068106679105,34.082819819513695,34.08281981951323,0.0,43496.71281883733,1249.2319677649173,147898.05699999933
vb_site_h_all_site_J_48.csv,93.91297572741686,444.35277189856913,0.0,41.56269576436812,0.0,0.0,0.0,0.0,0.0,0.0,0.0,0.0,0.0,0.0,0.0,0.0,0.0,0.0,0.0,0.0,0.0,0.0,0.0,0.0,0.0,0.0,0.0,0.0,0.0,0.0,0.0,0.0,0.0,0.0,0.0,0.0,0.0,0.0,0.0,0.0,0.0,0.0,0.0,0.0,0.0,0.0,0.0,0.0,0.0,0.0,0.0,0.0,0.0,0.0,0.0,0.0,0.0,0.0,0.0,0.0,0.0,0.0,0.0,0.0,0.0,0.0,0.0,0.0,0.0,0.0,0.0,0.0,0.0,0.0,0.0,0.0,0.0,0.0,0.0,0.0,0.0,0.0,0.0,0.0,0.0,2235.2649024518996,27881.140451072682,0.0,45622.80347586539,-45622.80347586539,14730.047446316496,107850.54397643416,43.28496358850981,11877.632162726359,27881.140451072682,77.12018841821899,78.97964944309311,33.38144547621625,33.381445476215845,0.0,45622.80347586539,1286.1694879403651,161892.65099999934
vb_site_h_all_site_J_49.csv,94.49143596830426,402.12517431378865,0.0,50.3505101357463,0.0,0.0,0.0,0.0,0.0,0.0,0.0,0.0,0.0,0.0,0.0,0.0,0.0,0.0,0.0,0.0,0.0,0.0,0.0,0.0,0.0,0.0,0.0,0.0,0.0,0.0,0.0,0.0,0.0,0.0,0.0,0.0,0.0,0.0,0.0,0.0,0.0,0.0,0.0,0.0,0.0,0.0,0.0,0.0,0.0,0.0,0.0,0.0,0.0,0.0,0.0,0.0,0.0,0.0,0.0,0.0,0.0,0.0,0.0,0.0,0.0,0.0,0.0,0.0,0.0,0.0,0.0,0.0,0.0,0.0,0.0,0.0,0.0,0.0,0.0,0.0,0.0,0.0,0.0,0.0,0.0,2235.2649024518996,24444.343798292153,0.0,42186.006823084856,-42186.006823084856,23519.042055167556,88261.83667946137,52.43692589731146,11167.995181918293,24444.343798292153,64.75223257886607,66.43741233257971,33.95408021423477,33.95408021423465,0.0,42186.006823084856,1164.0415821165277,133637.07699999984
vb_site_h_all_site_J_50.csv,94.19694953971175,423.6226836010424,0.0,49.74675837381109,0.0,0.0,0.0,0.0,0.0,0.0,0.0,0.0,0.0,0.0,0.0,0.0,0.0,0.0,0.0,0.0,0.0,0.0,0.0,0.0,0.0,0.0,0.0,0.0,0.0,0.0,0.0,0.0,0.0,0.0,0.0,0.0,0.0,0.0,0.0,0.0,0.0,0.0,0.0,0.0,0.0,0.0,0.0,0.0,0.0,0.0,0.0,0.0,0.0,0.0,0.0,0.0,0.0,0.0,0.0,0.0,0.0,0.0,0.0,0.0,0.0,0.0,0.0,0.0,0.0,0.0,0.0,0.0,0.0,0.0,0.0,0.0,0.0,0.0,0.0,0.0,0.0,0.0,0.0,0.0,0.0,2235.2649024518996,24580.245795257808,0.0,42321.908820050514,-42321.908820050514,21854.685504613983,88281.54082430711,51.80815597391616,11200.959916799571,24580.245795257808,67.03860982200456,68.8125138569858,34.731467539329195,34.73146753932902,0.0,42321.908820050514,1226.2152775158402,135258.96399999975
