scenario,scenario_label,arrangement,number_of_households,load_folder,en_opex,en_capex_repayment,pv_capex_repayment,average_hh_bill$,average_hh_solar_bill$,average_hh_total$,central_battery_SOH,central_battery_capacity_kWh,central_battery_cycles,checksum_total_payments$,cp_ratio,cust_bill_cp,cust_solar_bill_cp,cust_total$_cp,eno$_bat_capex_repay,eno$_demand_charge,eno$_energy_bill,eno$_npv_building,eno$_receipts_from_residents,eno$_total_payment,eno_net$,export_kWh,import_kWh,pv_ratio,retailer_bill$,retailer_receipt$,self-consumption,self-consumption_OLD,self-sufficiency,self-sufficiency_OLD,solar_retailer_profit,total$_building_costs,total_battery_losses,total_building_load
0,demo_wtest2_000,bau,72.0,W,0.0,0.0,0.0,1401.5964256370428,0.0,1401.5964256370428,0.0,0.0,0.0,0.0,21.51363780654435,22720.49018605385,0.0,22720.49018605385,0.0,0.0,0.0,-1434981.6112342444,0.0,0.0,0.0,1.9765048930000004,409350.66796831775,0.0,37870.852092260895,123635.43283192119,100.0,100.0,0.0,0.0,0.0,123635.43283192119,0.0,409348.6914634251
1,demo_wtest2_001,bau,72.0,W,0.0,0.0,0.0,1364.4283673302775,0.0,1364.4283673302775,0.0,0.0,0.0,0.0,21.51363780654435,19915.408144992896,0.0,19915.408144992896,0.0,0.0,0.0,-1371363.9610118002,0.0,0.0,0.0,1.9765048930000004,409350.66796831775,0.0,37870.852092260895,118154.25059277279,100.0,100.0,0.0,0.0,0.0,118154.25059277279,0.0,409348.6914634251
2,demo_wtest2_002,en_pv,72.0,W,18000.0,2647.9291921353265,12302.554136187184,0.0,0.0,0.0,0.0,0.0,0.0,0.0,21.51363780654435,0.0,0.0,0.0,0.0,19513.328813778622,56410.57628377337,-1037174.1689786596,0.0,89361.05961209588,-89361.05961209588,6945.071119167,313812.4382959242,25.03521482389404,35023.802451656265,56410.57628377337,93.22308609153048,93.22308609153042,23.33859986847834,23.338599868478383,0.0,89361.05961209588,0.0,409348.6914634251
3,demo_wtest2_003,en_pv,72.0,W,18000.0,2647.9291921353265,12302.554136187184,1401.5964256370428,0.0,1401.5964256370428,0.0,0.0,0.0,-1.862645149230957e-11,21.51363780654435,22720.49018605385,0.0,22720.49018605385,0.0,19513.328813778622,56410.57628377337,-1037174.1689786596,123635.43283192119,89361.05961209588,34274.373219825306,6945.071119167,313812.4382959242,25.03521482389404,35023.802451656265,56410.57628377337,93.22308609153048,93.22308609153042,23.33859986847834,23.338599868478383,0.0,89361.0596120959,0.0,409348.6914634251
4,demo_wtest2_004,en_pv,72.0,W,18000.0,2647.9291921353265,12302.554136187184,1364.4283673302775,0.0,1364.4283673302775,0.0,0.0,0.0,-1.862645149230957e-11,21.51363780654435,19915.408144992896,0.0,19915.408144992896,0.0,19513.328813778622,56410.57628377337,-1037174.1689786596,118154.25059277279,89361.05961209588,28793.190980676914,6945.071119167,313812.4382959242,25.03521482389404,35023.802451656265,56410.57628377337,93.22308609153048,93.22308609153042,23.33859986847834,23.338599868478383,0.0,89361.0596120959,0.0,409348.6914634251
5,demo_wtest2_005,en_pv,72.0,W,18000.0,2647.9291921353265,12302.554136187184,1328.958898269176,0.0,1328.958898269176,0.0,0.0,0.0,-1.862645149230957e-11,21.51363780654435,19205.07856462898,0.0,19205.07856462898,0.0,19513.328813778622,56410.57628377337,-1037174.1689786596,114890.11924000984,89361.05961209588,25529.059627913965,6945.071119167,313812.4382959242,25.03521482389404,35023.802451656265,56410.57628377337,93.22308609153048,93.22308609153042,23.33859986847834,23.338599868478383,0.0,89361.0596120959,0.0,409348.6914634251
6,demo_wtest2_006,en_pv,72.0,W,18000.0,2647.9291921353265,12302.554136187184,1319.1495770701615,0.0,1319.1495770701615,0.0,0.0,0.0,1.862645149230957e-11,21.51363780654435,21383.990763344802,0.0,21383.990763344802,0.0,19513.328813778622,56410.57628377337,-1037174.1689786593,116362.76031239645,89361.05961209588,27001.70070030058,6945.071119167,313812.4382959242,25.03521482389404,35023.802451656265,56410.57628377337,93.22308609153048,93.22308609153042,23.33859986847834,23.338599868478383,0.0,89361.05961209587,0.0,409348.6914634251
7,demo_wtest2_007,en_pv,72.0,W,18000.0,2647.9291921353265,12302.554136187184,1284.1678751343788,0.0,1284.1678751343788,0.0,0.0,0.0,-1.862645149230957e-11,21.51363780654435,18743.913548228607,0.0,18743.913548228607,0.0,19513.328813778622,56410.57628377337,-1037174.1689786596,111204.00055790407,89361.05961209588,21842.940945808197,6945.071119167,313812.4382959242,25.03521482389404,35023.802451656265,56410.57628377337,93.22308609153048,93.22308609153042,23.33859986847834,23.338599868478383,0.0,89361.0596120959,0.0,409348.6914634251
8,demo_wtest2_008,en_pv,72.0,W,18000.0,2647.9291921353265,12302.554136187184,1250.7848454298153,0.0,1250.7848454298153,0.0,0.0,0.0,-1.862645149230957e-11,21.51363780654435,18075.368060827273,0.0,18075.368060827273,0.0,19513.328813778622,56410.57628377337,-1037174.1689786596,108131.87693177385,89361.05961209588,18770.817319677975,6945.071119167,313812.4382959242,25.03521482389404,35023.802451656265,56410.57628377337,93.22308609153048,93.22308609153042,23.33859986847834,23.338599868478383,0.0,89361.0596120959,0.0,409348.6914634251
9,demo_wtest2_009,en_pv,72.0,W,18000.0,2647.9291921353265,12302.554136187184,1236.7027285032739,0.0,1236.7027285032739,0.0,0.0,0.0,0.0,21.51363780654435,20047.49134063575,0.0,20047.49134063575,0.0,19513.328813778622,56410.57628377337,-1037174.1689786596,109090.08779287159,89361.05961209588,19729.028180775716,6945.071119167,313812.4382959242,25.03521482389404,35023.802451656265,56410.57628377337,93.22308609153048,93.22308609153042,23.33859986847834,23.338599868478383,0.0,89361.05961209588,0.0,409348.6914634251
10,demo_wtest2_010,en_pv,72.0,W,18000.0,2647.9291921353265,12302.554136187184,1203.9073829384802,0.0,1203.9073829384802,0.0,0.0,0.0,0.0,21.51363780654435,17572.41895146432,0.0,17572.41895146432,0.0,19513.328813778622,56410.57628377337,-1037174.1689786596,104253.75052303496,89361.05961209588,14892.69091093909,6945.071119167,313812.4382959242,25.03521482389404,35023.802451656265,56410.57628377337,93.22308609153048,93.22308609153042,23.33859986847834,23.338599868478383,0.0,89361.05961209588,0.0,409348.6914634251
11,demo_wtest2_011,en_pv,72.0,W,18000.0,2647.9291921353265,12302.554136187184,1172.6107925904516,0.0,1172.6107925904516,0.0,0.0,0.0,-1.862645149230957e-11,21.51363780654435,16945.657557025566,0.0,16945.657557025566,0.0,19513.328813778622,56410.57628377337,-1037174.1689786596,101373.63462353824,89361.05961209588,12012.575011442359,6945.071119167,313812.4382959242,25.03521482389404,35023.802451656265,56410.57628377337,93.22308609153048,93.22308609153042,23.33859986847834,23.338599868478383,0.0,89361.0596120959,0.0,409348.6914634251
12,demo_wtest2_012,en_pv,72.0,W,18000.0,2647.9291921353265,12302.554136187184,1154.25587993639,0.0,1154.25587993639,0.0,0.0,0.0,1.862645149230957e-11,21.51363780654435,18710.991917926698,0.0,18710.991917926698,0.0,19513.328813778622,56410.57628377337,-1037174.1689786593,101817.41527334669,89361.05961209588,12456.355661250818,6945.071119167,313812.4382959242,25.03521482389404,35023.802451656265,56410.57628377337,93.22308609153048,93.22308609153042,23.33859986847834,23.338599868478383,0.0,89361.05961209587,0.0,409348.6914634251
13,demo_wtest2_013,en_pv,72.0,W,18000.0,2647.9291921353265,12302.554136187184,1123.6468907425815,0.0,1123.6468907425815,0.0,0.0,0.0,1.862645149230957e-11,21.51363780654435,16400.924354700033,0.0,16400.924354700033,0.0,19513.328813778622,56410.57628377337,-1037174.1689786593,97303.50048816594,89361.05961209588,7942.440876070056,6945.071119167,313812.4382959242,25.03521482389404,35023.802451656265,56410.57628377337,93.22308609153048,93.22308609153042,23.33859986847834,23.338599868478383,0.0,89361.05961209587,0.0,409348.6914634251
14,demo_wtest2_014,en_pv,72.0,W,18000.0,2647.9291921353265,12302.554136187184,1094.436739751088,0.0,1094.436739751088,0.0,0.0,0.0,0.0,21.51363780654435,15815.947053223867,0.0,15815.947053223867,0.0,19513.328813778622,56410.57628377337,-1037174.1689786596,94615.39231530204,89361.05961209588,5254.332703206167,6945.071119167,313812.4382959242,25.03521482389404,35023.802451656265,56410.57628377337,93.22308609153048,93.22308609153042,23.33859986847834,23.338599868478383,0.0,89361.05961209588,0.0,409348.6914634251
15,demo_wtest2_015,en_pv,72.0,W,18000.0,2647.9291921353265,21989.848336505645,0.0,0.0,0.0,0.0,0.0,0.0,0.0,21.51363780654435,0.0,0.0,0.0,0.0,19513.328813778622,52621.47059569083,-1105631.8259851076,0.0,95259.24812433179,-95259.24812433179,63438.83685706201,274656.96803292935,48.40141532619502,33878.28524558723,52621.47059569083,67.98129639113253,67.9812963911322,32.90390961040368,32.903909610403716,0.0,95259.24812433179,0.0,409348.6914634251
16,demo_wtest2_016,en_pv,72.0,W,18000.0,2647.9291921353265,21989.848336505645,1401.5964256370428,0.0,1401.5964256370428,0.0,0.0,0.0,1.862645149230957e-11,21.51363780654435,22720.49018605385,0.0,22720.49018605385,0.0,19513.328813778622,52621.47059569083,-1105631.8259851073,123635.43283192119,95259.24812433179,28376.184707589393,63438.83685706201,274656.96803292935,48.40141532619502,33878.28524558723,52621.47059569083,67.98129639113253,67.9812963911322,32.90390961040368,32.903909610403716,0.0,95259.24812433177,0.0,409348.6914634251
17,demo_wtest2_017,en_pv,72.0,W,18000.0,2647.9291921353265,21989.848336505645,1364.4283673302775,0.0,1364.4283673302775,0.0,0.0,0.0,1.862645149230957e-11,21.51363780654435,19915.408144992896,0.0,19915.408144992896,0.0,19513.328813778622,52621.47059569083,-1105631.8259851073,118154.25059277279,95259.24812433179,22895.002468441,63438.83685706201,274656.96803292935,48.40141532619502,33878.28524558723,52621.47059569083,67.98129639113253,67.9812963911322,32.90390961040368,32.903909610403716,0.0,95259.24812433177,0.0,409348.6914634251
18,demo_wtest2_018,en_pv,72.0,W,18000.0,2647.9291921353265,21989.848336505645,1328.958898269176,0.0,1328.958898269176,0.0,0.0,0.0,1.862645149230957e-11,21.51363780654435,19205.07856462898,0.0,19205.07856462898,0.0,19513.328813778622,52621.47059569083,-1105631.8259851073,114890.11924000984,95259.24812433179,19630.871115678045,63438.83685706201,274656.96803292935,48.40141532619502,33878.28524558723,52621.47059569083,67.98129639113253,67.9812963911322,32.90390961040368,32.903909610403716,0.0,95259.24812433177,0.0,409348.6914634251
19,demo_wtest2_019,en_pv,72.0,W,18000.0,2647.9291921353265,21989.848336505645,1319.1495770701615,0.0,1319.1495770701615,0.0,0.0,0.0,-1.862645149230957e-11,21.51363780654435,21383.990763344802,0.0,21383.990763344802,0.0,19513.328813778622,52621.47059569083,-1105631.8259851078,116362.76031239645,95259.24812433179,21103.512188064662,63438.83685706201,274656.96803292935,48.40141532619502,33878.28524558723,52621.47059569083,67.98129639113253,67.9812963911322,32.90390961040368,32.903909610403716,0.0,95259.24812433182,0.0,409348.6914634251
20,demo_wtest2_020,en_pv,72.0,W,18000.0,2647.9291921353265,21989.848336505645,1284.1678751343788,0.0,1284.1678751343788,0.0,0.0,0.0,1.862645149230957e-11,21.51363780654435,18743.913548228607,0.0,18743.913548228607,0.0,19513.328813778622,52621.47059569083,-1105631.8259851073,111204.00055790407,95259.24812433179,15944.752433572281,63438.83685706201,274656.96803292935,48.40141532619502,33878.28524558723,52621.47059569083,67.98129639113253,67.9812963911322,32.90390961040368,32.903909610403716,0.0,95259.24812433177,0.0,409348.6914634251
21,demo_wtest2_021,en_pv,72.0,W,18000.0,2647.9291921353265,21989.848336505645,1250.7848454298153,0.0,1250.7848454298153,0.0,0.0,0.0,1.862645149230957e-11,21.51363780654435,18075.368060827273,0.0,18075.368060827273,0.0,19513.328813778622,52621.47059569083,-1105631.8259851073,108131.87693177385,95259.24812433179,12872.628807442057,63438.83685706201,274656.96803292935,48.40141532619502,33878.28524558723,52621.47059569083,67.98129639113253,67.9812963911322,32.90390961040368,32.903909610403716,0.0,95259.24812433177,0.0,409348.6914634251
22,demo_wtest2_022,en_pv,72.0,W,18000.0,2647.9291921353265,21989.848336505645,1236.7027285032739,0.0,1236.7027285032739,0.0,0.0,0.0,0.0,21.51363780654435,20047.49134063575,0.0,20047.49134063575,0.0,19513.328813778622,52621.47059569083,-1105631.8259851076,109090.08779287159,95259.24812433179,13830.8396685398,63438.83685706201,274656.96803292935,48.40141532619502,33878.28524558723,52621.47059569083,67.98129639113253,67.9812963911322,32.90390961040368,32.903909610403716,0.0,95259.24812433179,0.0,409348.6914634251
23,demo_wtest2_023,en_pv,72.0,W,18000.0,2647.9291921353265,21989.848336505645,1203.9073829384802,0.0,1203.9073829384802,0.0,0.0,0.0,0.0,21.51363780654435,17572.41895146432,0.0,17572.41895146432,0.0,19513.328813778622,52621.47059569083,-1105631.8259851076,104253.75052303496,95259.24812433179,8994.502398703173,63438.83685706201,274656.96803292935,48.40141532619502,33878.28524558723,52621.47059569083,67.98129639113253,67.9812963911322,32.90390961040368,32.903909610403716,0.0,95259.24812433179,0.0,409348.6914634251
24,demo_wtest2_024,en_pv,72.0,W,18000.0,2647.9291921353265,21989.848336505645,1172.6107925904516,0.0,1172.6107925904516,0.0,0.0,0.0,1.862645149230957e-11,21.51363780654435,16945.657557025566,0.0,16945.657557025566,0.0,19513.328813778622,52621.47059569083,-1105631.8259851073,101373.63462353824,95259.24812433179,6114.386499206443,63438.83685706201,274656.96803292935,48.40141532619502,33878.28524558723,52621.47059569083,67.98129639113253,67.9812963911322,32.90390961040368,32.903909610403716,0.0,95259.24812433177,0.0,409348.6914634251
25,demo_wtest2_025,en_pv,72.0,W,18000.0,2647.9291921353265,21989.848336505645,1154.25587993639,0.0,1154.25587993639,0.0,0.0,0.0,-1.862645149230957e-11,21.51363780654435,18710.991917926698,0.0,18710.991917926698,0.0,19513.328813778622,52621.47059569083,-1105631.8259851078,101817.41527334669,95259.24812433179,6558.167149014901,63438.83685706201,274656.96803292935,48.40141532619502,33878.28524558723,52621.47059569083,67.98129639113253,67.9812963911322,32.90390961040368,32.903909610403716,0.0,95259.24812433182,0.0,409348.6914634251
26,demo_wtest2_026,en_pv,72.0,W,18000.0,2647.9291921353265,21989.848336505645,1123.6468907425815,0.0,1123.6468907425815,0.0,0.0,0.0,-1.862645149230957e-11,21.51363780654435,16400.924354700033,0.0,16400.924354700033,0.0,19513.328813778622,52621.47059569083,-1105631.8259851078,97303.50048816594,95259.24812433179,2044.252363834139,63438.83685706201,274656.96803292935,48.40141532619502,33878.28524558723,52621.47059569083,67.98129639113253,67.9812963911322,32.90390961040368,32.903909610403716,0.0,95259.24812433182,0.0,409348.6914634251
27,demo_wtest2_027,en_pv,72.0,W,18000.0,2647.9291921353265,21989.848336505645,1094.436739751088,0.0,1094.436739751088,0.0,0.0,0.0,0.0,21.51363780654435,15815.947053223867,0.0,15815.947053223867,0.0,19513.328813778622,52621.47059569083,-1105631.8259851076,94615.39231530204,95259.24812433179,-643.8558090297505,63438.83685706201,274656.96803292935,48.40141532619502,33878.28524558723,52621.47059569083,67.98129639113253,67.9812963911322,32.90390961040368,32.903909610403716,0.0,95259.24812433179,0.0,409348.6914634251
28,demo_wtest2_028,en_pv,72.0,W,18000.0,4195.4202784481795,12302.554136187184,0.0,0.0,0.0,0.0,0.0,0.0,0.0,21.51363780654435,0.0,0.0,0.0,0.0,19513.328813778622,56410.57628377337,-1055135.2113881332,0.0,90908.55069840873,-90908.55069840873,6945.071119167,313812.4382959242,25.03521482389404,35023.802451656265,56410.57628377337,93.22308609153048,93.22308609153042,23.33859986847834,23.338599868478383,0.0,90908.55069840873,0.0,409348.6914634251
29,demo_wtest2_029,en_pv,72.0,W,18000.0,4195.4202784481795,12302.554136187184,1401.5964256370428,0.0,1401.5964256370428,0.0,0.0,0.0,0.0,21.51363780654435,22720.49018605385,0.0,22720.49018605385,0.0,19513.328813778622,56410.57628377337,-1055135.2113881332,123635.43283192119,90908.55069840873,32726.88213351246,6945.071119167,313812.4382959242,25.03521482389404,35023.802451656265,56410.57628377337,93.22308609153048,93.22308609153042,23.33859986847834,23.338599868478383,0.0,90908.55069840873,0.0,409348.6914634251
30,demo_wtest2_030,en_pv,72.0,W,18000.0,4195.4202784481795,12302.554136187184,1364.4283673302775,0.0,1364.4283673302775,0.0,0.0,0.0,0.0,21.51363780654435,19915.408144992896,0.0,19915.408144992896,0.0,19513.328813778622,56410.57628377337,-1055135.2113881332,118154.25059277279,90908.55069840873,27245.699894364065,6945.071119167,313812.4382959242,25.03521482389404,35023.802451656265,56410.57628377337,93.22308609153048,93.22308609153042,23.33859986847834,23.338599868478383,0.0,90908.55069840873,0.0,409348.6914634251
31,demo_wtest2_031,en_pv,72.0,W,18000.0,4195.4202784481795,12302.554136187184,1328.958898269176,0.0,1328.958898269176,0.0,0.0,0.0,0.0,21.51363780654435,19205.07856462898,0.0,19205.07856462898,0.0,19513.328813778622,56410.57628377337,-1055135.2113881332,114890.11924000984,90908.55069840873,23981.568541601115,6945.071119167,313812.4382959242,25.03521482389404,35023.802451656265,56410.57628377337,93.22308609153048,93.22308609153042,23.33859986847834,23.338599868478383,0.0,90908.55069840873,0.0,409348.6914634251
32,demo_wtest2_032,en_pv,72.0,W,18000.0,4195.4202784481795,12302.554136187184,1319.1495770701615,0.0,1319.1495770701615,0.0,0.0,0.0,0.0,21.51363780654435,21383.990763344802,0.0,21383.990763344802,0.0,19513.328813778622,56410.57628377337,-1055135.2113881332,116362.76031239645,90908.55069840873,25454.20961398773,6945.071119167,313812.4382959242,25.03521482389404,35023.802451656265,56410.57628377337,93.22308609153048,93.22308609153042,23.33859986847834,23.338599868478383,0.0,90908.55069840873,0.0,409348.6914634251
33,demo_wtest2_033,en_pv,72.0,W,18000.0,4195.4202784481795,12302.554136187184,1284.1678751343788,0.0,1284.1678751343788,0.0,0.0,0.0,0.0,21.51363780654435,18743.913548228607,0.0,18743.913548228607,0.0,19513.328813778622,56410.57628377337,-1055135.2113881332,111204.00055790407,90908.55069840873,20295.449859495347,6945.071119167,313812.4382959242,25.03521482389404,35023.802451656265,56410.57628377337,93.22308609153048,93.22308609153042,23.33859986847834,23.338599868478383,0.0,90908.55069840873,0.0,409348.6914634251
34,demo_wtest2_034,en_pv,72.0,W,18000.0,4195.4202784481795,12302.554136187184,1250.7848454298153,0.0,1250.7848454298153,0.0,0.0,0.0,0.0,21.51363780654435,18075.368060827273,0.0,18075.368060827273,0.0,19513.328813778622,56410.57628377337,-1055135.2113881332,108131.87693177385,90908.55069840873,17223.326233365126,6945.071119167,313812.4382959242,25.03521482389404,35023.802451656265,56410.57628377337,93.22308609153048,93.22308609153042,23.33859986847834,23.338599868478383,0.0,90908.55069840873,0.0,409348.6914634251
35,demo_wtest2_035,en_pv,72.0,W,18000.0,4195.4202784481795,12302.554136187184,1236.7027285032739,0.0,1236.7027285032739,0.0,0.0,0.0,1.862645149230957e-11,21.51363780654435,20047.49134063575,0.0,20047.49134063575,0.0,19513.328813778622,56410.57628377337,-1055135.2113881328,109090.08779287159,90908.55069840873,18181.537094462867,6945.071119167,313812.4382959242,25.03521482389404,35023.802451656265,56410.57628377337,93.22308609153048,93.22308609153042,23.33859986847834,23.338599868478383,0.0,90908.55069840871,0.0,409348.6914634251
36,demo_wtest2_036,en_pv,72.0,W,18000.0,4195.4202784481795,12302.554136187184,1203.9073829384802,0.0,1203.9073829384802,0.0,0.0,0.0,-1.862645149230957e-11,21.51363780654435,17572.41895146432,0.0,17572.41895146432,0.0,19513.328813778622,56410.57628377337,-1055135.2113881332,104253.75052303496,90908.55069840873,13345.199824626241,6945.071119167,313812.4382959242,25.03521482389404,35023.802451656265,56410.57628377337,93.22308609153048,93.22308609153042,23.33859986847834,23.338599868478383,0.0,90908.55069840874,0.0,409348.6914634251
37,demo_wtest2_037,en_pv,72.0,W,18000.0,4195.4202784481795,12302.554136187184,1172.6107925904516,0.0,1172.6107925904516,0.0,0.0,0.0,0.0,21.51363780654435,16945.657557025566,0.0,16945.657557025566,0.0,19513.328813778622,56410.57628377337,-1055135.2113881332,101373.63462353824,90908.55069840873,10465.083925129511,6945.071119167,313812.4382959242,25.03521482389404,35023.802451656265,56410.57628377337,93.22308609153048,93.22308609153042,23.33859986847834,23.338599868478383,0.0,90908.55069840873,0.0,409348.6914634251
38,demo_wtest2_038,en_pv,72.0,W,18000.0,4195.4202784481795,12302.554136187184,1154.25587993639,0.0,1154.25587993639,0.0,0.0,0.0,0.0,21.51363780654435,18710.991917926698,0.0,18710.991917926698,0.0,19513.328813778622,56410.57628377337,-1055135.2113881332,101817.41527334669,90908.55069840873,10908.86457493797,6945.071119167,313812.4382959242,25.03521482389404,35023.802451656265,56410.57628377337,93.22308609153048,93.22308609153042,23.33859986847834,23.338599868478383,0.0,90908.55069840873,0.0,409348.6914634251
39,demo_wtest2_039,en_pv,72.0,W,18000.0,4195.4202784481795,12302.554136187184,1123.6468907425815,0.0,1123.6468907425815,0.0,0.0,0.0,0.0,21.51363780654435,16400.924354700033,0.0,16400.924354700033,0.0,19513.328813778622,56410.57628377337,-1055135.2113881332,97303.50048816594,90908.55069840873,6394.949789757207,6945.071119167,313812.4382959242,25.03521482389404,35023.802451656265,56410.57628377337,93.22308609153048,93.22308609153042,23.33859986847834,23.338599868478383,0.0,90908.55069840873,0.0,409348.6914634251
40,demo_wtest2_040,en_pv,72.0,W,18000.0,4195.4202784481795,12302.554136187184,1094.436739751088,0.0,1094.436739751088,0.0,0.0,0.0,1.862645149230957e-11,21.51363780654435,15815.947053223867,0.0,15815.947053223867,0.0,19513.328813778622,56410.57628377337,-1055135.2113881328,94615.39231530204,90908.55069840873,3706.8416168933177,6945.071119167,313812.4382959242,25.03521482389404,35023.802451656265,56410.57628377337,93.22308609153048,93.22308609153042,23.33859986847834,23.338599868478383,0.0,90908.55069840871,0.0,409348.6914634251
41,demo_wtest2_041,en_pv,72.0,W,18000.0,4195.4202784481795,21989.848336505645,0.0,0.0,0.0,0.0,0.0,0.0,0.0,21.51363780654435,0.0,0.0,0.0,0.0,19513.328813778622,52621.47059569083,-1123592.8683945849,0.0,96806.73921064466,-96806.73921064466,63438.83685706201,274656.96803292935,48.40141532619502,33878.28524558723,52621.47059569083,67.98129639113253,67.9812963911322,32.90390961040368,32.903909610403716,0.0,96806.73921064466,0.0,409348.6914634251
42,demo_wtest2_042,en_pv,72.0,W,18000.0,4195.4202784481795,21989.848336505645,1401.5964256370428,0.0,1401.5964256370428,0.0,0.0,0.0,-1.862645149230957e-11,21.51363780654435,22720.49018605385,0.0,22720.49018605385,0.0,19513.328813778622,52621.47059569083,-1123592.8683945849,123635.43283192119,96806.73921064466,26828.693621276525,63438.83685706201,274656.96803292935,48.40141532619502,33878.28524558723,52621.47059569083,67.98129639113253,67.9812963911322,32.90390961040368,32.903909610403716,0.0,96806.73921064468,0.0,409348.6914634251
43,demo_wtest2_043,en_pv,72.0,W,18000.0,4195.4202784481795,21989.848336505645,1364.4283673302775,0.0,1364.4283673302775,0.0,0.0,0.0,-1.862645149230957e-11,21.51363780654435,19915.408144992896,0.0,19915.408144992896,0.0,19513.328813778622,52621.47059569083,-1123592.8683945849,118154.25059277279,96806.73921064466,21347.51138212813,63438.83685706201,274656.96803292935,48.40141532619502,33878.28524558723,52621.47059569083,67.98129639113253,67.9812963911322,32.90390961040368,32.903909610403716,0.0,96806.73921064468,0.0,409348.6914634251
44,demo_wtest2_044,en_pv,72.0,W,18000.0,4195.4202784481795,21989.848336505645,1328.958898269176,0.0,1328.958898269176,0.0,0.0,0.0,-1.862645149230957e-11,21.51363780654435,19205.07856462898,0.0,19205.07856462898,0.0,19513.328813778622,52621.47059569083,-1123592.8683945849,114890.11924000984,96806.73921064466,18083.380029365177,63438.83685706201,274656.96803292935,48.40141532619502,33878.28524558723,52621.47059569083,67.98129639113253,67.9812963911322,32.90390961040368,32.903909610403716,0.0,96806.73921064468,0.0,409348.6914634251
45,demo_wtest2_045,en_pv,72.0,W,18000.0,4195.4202784481795,21989.848336505645,1319.1495770701615,0.0,1319.1495770701615,0.0,0.0,0.0,1.862645149230957e-11,21.51363780654435,21383.990763344802,0.0,21383.990763344802,0.0,19513.328813778622,52621.47059569083,-1123592.8683945846,116362.76031239645,96806.73921064466,19556.021101751794,63438.83685706201,274656.96803292935,48.40141532619502,33878.28524558723,52621.47059569083,67.98129639113253,67.9812963911322,32.90390961040368,32.903909610403716,0.0,96806.73921064465,0.0,409348.6914634251
46,demo_wtest2_046,en_pv,72.0,W,18000.0,4195.4202784481795,21989.848336505645,1284.1678751343788,0.0,1284.1678751343788,0.0,0.0,0.0,-1.862645149230957e-11,21.51363780654435,18743.913548228607,0.0,18743.913548228607,0.0,19513.328813778622,52621.47059569083,-1123592.8683945849,111204.00055790407,96806.73921064466,14397.261347259413,63438.83685706201,274656.96803292935,48.40141532619502,33878.28524558723,52621.47059569083,67.98129639113253,67.9812963911322,32.90390961040368,32.903909610403716,0.0,96806.73921064468,0.0,409348.6914634251
47,demo_wtest2_047,en_pv,72.0,W,18000.0,4195.4202784481795,21989.848336505645,1250.7848454298153,0.0,1250.7848454298153,0.0,0.0,0.0,-1.862645149230957e-11,21.51363780654435,18075.368060827273,0.0,18075.368060827273,0.0,19513.328813778622,52621.47059569083,-1123592.8683945849,108131.87693177385,96806.73921064466,11325.137721129191,63438.83685706201,274656.96803292935,48.40141532619502,33878.28524558723,52621.47059569083,67.98129639113253,67.9812963911322,32.90390961040368,32.903909610403716,0.0,96806.73921064468,0.0,409348.6914634251
48,demo_wtest2_048,en_pv,72.0,W,18000.0,4195.4202784481795,21989.848336505645,1236.7027285032739,0.0,1236.7027285032739,0.0,0.0,0.0,0.0,21.51363780654435,20047.49134063575,0.0,20047.49134063575,0.0,19513.328813778622,52621.47059569083,-1123592.8683945849,109090.08779287159,96806.73921064466,12283.348582226932,63438.83685706201,274656.96803292935,48.40141532619502,33878.28524558723,52621.47059569083,67.98129639113253,67.9812963911322,32.90390961040368,32.903909610403716,0.0,96806.73921064466,0.0,409348.6914634251
49,demo_wtest2_049,en_pv,72.0,W,18000.0,4195.4202784481795,21989.848336505645,1203.9073829384802,0.0,1203.9073829384802,0.0,0.0,0.0,0.0,21.51363780654435,17572.41895146432,0.0,17572.41895146432,0.0,19513.328813778622,52621.47059569083,-1123592.8683945849,104253.75052303496,96806.73921064466,7447.011312390305,63438.83685706201,274656.96803292935,48.40141532619502,33878.28524558723,52621.47059569083,67.98129639113253,67.9812963911322,32.90390961040368,32.903909610403716,0.0,96806.73921064466,0.0,409348.6914634251
50,demo_wtest2_050,en_pv,72.0,W,18000.0,4195.4202784481795,21989.848336505645,1172.6107925904516,0.0,1172.6107925904516,0.0,0.0,0.0,-1.862645149230957e-11,21.51363780654435,16945.657557025566,0.0,16945.657557025566,0.0,19513.328813778622,52621.47059569083,-1123592.8683945849,101373.63462353824,96806.73921064466,4566.895412893575,63438.83685706201,274656.96803292935,48.40141532619502,33878.28524558723,52621.47059569083,67.98129639113253,67.9812963911322,32.90390961040368,32.903909610403716,0.0,96806.73921064468,0.0,409348.6914634251
51,demo_wtest2_051,en_pv,72.0,W,18000.0,4195.4202784481795,21989.848336505645,1154.25587993639,0.0,1154.25587993639,0.0,0.0,0.0,1.862645149230957e-11,21.51363780654435,18710.991917926698,0.0,18710.991917926698,0.0,19513.328813778622,52621.47059569083,-1123592.8683945846,101817.41527334669,96806.73921064466,5010.676062702034,63438.83685706201,274656.96803292935,48.40141532619502,33878.28524558723,52621.47059569083,67.98129639113253,67.9812963911322,32.90390961040368,32.903909610403716,0.0,96806.73921064465,0.0,409348.6914634251
52,demo_wtest2_052,en_pv,72.0,W,18000.0,4195.4202784481795,21989.848336505645,1123.6468907425815,0.0,1123.6468907425815,0.0,0.0,0.0,1.862645149230957e-11,21.51363780654435,16400.924354700033,0.0,16400.924354700033,0.0,19513.328813778622,52621.47059569083,-1123592.8683945846,97303.50048816594,96806.73921064466,496.76127752127127,63438.83685706201,274656.96803292935,48.40141532619502,33878.28524558723,52621.47059569083,67.98129639113253,67.9812963911322,32.90390961040368,32.903909610403716,0.0,96806.73921064465,0.0,409348.6914634251
53,demo_wtest2_053,en_pv,72.0,W,18000.0,4195.4202784481795,21989.848336505645,1094.436739751088,0.0,1094.436739751088,0.0,0.0,0.0,0.0,21.51363780654435,15815.947053223867,0.0,15815.947053223867,0.0,19513.328813778622,52621.47059569083,-1123592.8683945849,94615.39231530204,96806.73921064466,-2191.346895342618,63438.83685706201,274656.96803292935,48.40141532619502,33878.28524558723,52621.47059569083,67.98129639113253,67.9812963911322,32.90390961040368,32.903909610403716,0.0,96806.73921064466,0.0,409348.6914634251
54,demo_wtest2_054,en_pv,72.0,W,18000.0,6774.572088969601,12302.554136187184,0.0,0.0,0.0,0.0,0.0,0.0,0.0,21.51363780654435,0.0,0.0,0.0,0.0,19513.328813778622,56410.57628377337,-1085070.2820705906,0.0,93487.70250893016,-93487.70250893016,6945.071119167,313812.4382959242,25.03521482389404,35023.802451656265,56410.57628377337,93.22308609153048,93.22308609153042,23.33859986847834,23.338599868478383,0.0,93487.70250893016,0.0,409348.6914634251
55,demo_wtest2_055,en_pv,72.0,W,18000.0,6774.572088969601,12302.554136187184,1401.5964256370428,0.0,1401.5964256370428,0.0,0.0,0.0,1.862645149230957e-11,21.51363780654435,22720.49018605385,0.0,22720.49018605385,0.0,19513.328813778622,56410.57628377337,-1085070.2820705906,123635.43283192119,93487.70250893016,30147.730322991032,6945.071119167,313812.4382959242,25.03521482389404,35023.802451656265,56410.57628377337,93.22308609153048,93.22308609153042,23.33859986847834,23.338599868478383,0.0,93487.70250893013,0.0,409348.6914634251
56,demo_wtest2_056,en_pv,72.0,W,18000.0,6774.572088969601,12302.554136187184,1364.4283673302775,0.0,1364.4283673302775,0.0,0.0,0.0,1.862645149230957e-11,21.51363780654435,19915.408144992896,0.0,19915.408144992896,0.0,19513.328813778622,56410.57628377337,-1085070.2820705906,118154.25059277279,93487.70250893016,24666.548083842637,6945.071119167,313812.4382959242,25.03521482389404,35023.802451656265,56410.57628377337,93.22308609153048,93.22308609153042,23.33859986847834,23.338599868478383,0.0,93487.70250893013,0.0,409348.6914634251
57,demo_wtest2_057,en_pv,72.0,W,18000.0,6774.572088969601,12302.554136187184,1328.958898269176,0.0,1328.958898269176,0.0,0.0,0.0,1.862645149230957e-11,21.51363780654435,19205.07856462898,0.0,19205.07856462898,0.0,19513.328813778622,56410.57628377337,-1085070.2820705906,114890.11924000984,93487.70250893016,21402.416731079687,6945.071119167,313812.4382959242,25.03521482389404,35023.802451656265,56410.57628377337,93.22308609153048,93.22308609153042,23.33859986847834,23.338599868478383,0.0,93487.70250893013,0.0,409348.6914634251
58,demo_wtest2_058,en_pv,72.0,W,18000.0,6774.572088969601,12302.554136187184,1319.1495770701615,0.0,1319.1495770701615,0.0,0.0,0.0,-1.862645149230957e-11,21.51363780654435,21383.990763344802,0.0,21383.990763344802,0.0,19513.328813778622,56410.57628377337,-1085070.282070591,116362.76031239645,93487.70250893016,22875.0578034663,6945.071119167,313812.4382959242,25.03521482389404,35023.802451656265,56410.57628377337,93.22308609153048,93.22308609153042,23.33859986847834,23.338599868478383,0.0,93487.70250893018,0.0,409348.6914634251
59,demo_wtest2_059,en_pv,72.0,W,18000.0,6774.572088969601,12302.554136187184,1284.1678751343788,0.0,1284.1678751343788,0.0,0.0,0.0,1.862645149230957e-11,21.51363780654435,18743.913548228607,0.0,18743.913548228607,0.0,19513.328813778622,56410.57628377337,-1085070.2820705906,111204.00055790407,93487.70250893016,17716.29804897392,6945.071119167,313812.4382959242,25.03521482389404,35023.802451656265,56410.57628377337,93.22308609153048,93.22308609153042,23.33859986847834,23.338599868478383,0.0,93487.70250893013,0.0,409348.6914634251
60,demo_wtest2_060,en_pv,72.0,W,18000.0,6774.572088969601,12302.554136187184,1250.7848454298153,0.0,1250.7848454298153,0.0,0.0,0.0,1.862645149230957e-11,21.51363780654435,18075.368060827273,0.0,18075.368060827273,0.0,19513.328813778622,56410.57628377337,-1085070.2820705906,108131.87693177385,93487.70250893016,14644.174422843698,6945.071119167,313812.4382959242,25.03521482389404,35023.802451656265,56410.57628377337,93.22308609153048,93.22308609153042,23.33859986847834,23.338599868478383,0.0,93487.70250893013,0.0,409348.6914634251
61,demo_wtest2_061,en_pv,72.0,W,18000.0,6774.572088969601,12302.554136187184,1236.7027285032739,0.0,1236.7027285032739,0.0,0.0,0.0,0.0,21.51363780654435,20047.49134063575,0.0,20047.49134063575,0.0,19513.328813778622,56410.57628377337,-1085070.2820705906,109090.08779287159,93487.70250893016,15602.38528394144,6945.071119167,313812.4382959242,25.03521482389404,35023.802451656265,56410.57628377337,93.22308609153048,93.22308609153042,23.33859986847834,23.338599868478383,0.0,93487.70250893016,0.0,409348.6914634251
62,demo_wtest2_062,en_pv,72.0,W,18000.0,6774.572088969601,12302.554136187184,1203.9073829384802,0.0,1203.9073829384802,0.0,0.0,0.0,0.0,21.51363780654435,17572.41895146432,0.0,17572.41895146432,0.0,19513.328813778622,56410.57628377337,-1085070.2820705906,104253.75052303496,93487.70250893016,10766.048014104814,6945.071119167,313812.4382959242,25.03521482389404,35023.802451656265,56410.57628377337,93.22308609153048,93.22308609153042,23.33859986847834,23.338599868478383,0.0,93487.70250893016,0.0,409348.6914634251
63,demo_wtest2_063,en_pv,72.0,W,18000.0,6774.572088969601,12302.554136187184,1172.6107925904516,0.0,1172.6107925904516,0.0,0.0,0.0,1.862645149230957e-11,21.51363780654435,16945.657557025566,0.0,16945.657557025566,0.0,19513.328813778622,56410.57628377337,-1085070.2820705906,101373.63462353824,93487.70250893016,7885.932114608083,6945.071119167,313812.4382959242,25.03521482389404,35023.802451656265,56410.57628377337,93.22308609153048,93.22308609153042,23.33859986847834,23.338599868478383,0.0,93487.70250893013,0.0,409348.6914634251
64,demo_wtest2_064,en_pv,72.0,W,18000.0,6774.572088969601,12302.554136187184,1154.25587993639,0.0,1154.25587993639,0.0,0.0,0.0,-1.862645149230957e-11,21.51363780654435,18710.991917926698,0.0,18710.991917926698,0.0,19513.328813778622,56410.57628377337,-1085070.282070591,101817.41527334669,93487.70250893016,8329.712764416541,6945.071119167,313812.4382959242,25.03521482389404,35023.802451656265,56410.57628377337,93.22308609153048,93.22308609153042,23.33859986847834,23.338599868478383,0.0,93487.70250893018,0.0,409348.6914634251
65,demo_wtest2_065,en_pv,72.0,W,18000.0,6774.572088969601,12302.554136187184,1123.6468907425815,0.0,1123.6468907425815,0.0,0.0,0.0,-1.862645149230957e-11,21.51363780654435,16400.924354700033,0.0,16400.924354700033,0.0,19513.328813778622,56410.57628377337,-1085070.282070591,97303.50048816594,93487.70250893016,3815.7979792357796,6945.071119167,313812.4382959242,25.03521482389404,35023.802451656265,56410.57628377337,93.22308609153048,93.22308609153042,23.33859986847834,23.338599868478383,0.0,93487.70250893018,0.0,409348.6914634251
66,demo_wtest2_066,en_pv,72.0,W,18000.0,6774.572088969601,12302.554136187184,1094.436739751088,0.0,1094.436739751088,0.0,0.0,0.0,0.0,21.51363780654435,15815.947053223867,0.0,15815.947053223867,0.0,19513.328813778622,56410.57628377337,-1085070.2820705906,94615.39231530204,93487.70250893016,1127.68980637189,6945.071119167,313812.4382959242,25.03521482389404,35023.802451656265,56410.57628377337,93.22308609153048,93.22308609153042,23.33859986847834,23.338599868478383,0.0,93487.70250893016,0.0,409348.6914634251
67,demo_wtest2_067,en_pv,72.0,W,18000.0,6774.572088969601,21989.848336505645,0.0,0.0,0.0,0.0,0.0,0.0,0.0,21.51363780654435,0.0,0.0,0.0,0.0,19513.328813778622,52621.47059569083,-1153527.9390770409,0.0,99385.89102116607,-99385.89102116607,63438.83685706201,274656.96803292935,48.40141532619502,33878.28524558723,52621.47059569083,67.98129639113253,67.9812963911322,32.90390961040368,32.903909610403716,0.0,99385.89102116607,0.0,409348.6914634251
68,demo_wtest2_068,en_pv,72.0,W,18000.0,6774.572088969601,21989.848336505645,1401.5964256370428,0.0,1401.5964256370428,0.0,0.0,0.0,-1.862645149230957e-11,21.51363780654435,22720.49018605385,0.0,22720.49018605385,0.0,19513.328813778622,52621.47059569083,-1153527.939077041,123635.43283192119,99385.89102116607,24249.541810755116,63438.83685706201,274656.96803292935,48.40141532619502,33878.28524558723,52621.47059569083,67.98129639113253,67.9812963911322,32.90390961040368,32.903909610403716,0.0,99385.89102116608,0.0,409348.6914634251
69,demo_wtest2_069,en_pv,72.0,W,18000.0,6774.572088969601,21989.848336505645,1364.4283673302775,0.0,1364.4283673302775,0.0,0.0,0.0,-1.862645149230957e-11,21.51363780654435,19915.408144992896,0.0,19915.408144992896,0.0,19513.328813778622,52621.47059569083,-1153527.939077041,118154.25059277279,99385.89102116607,18768.35957160672,63438.83685706201,274656.96803292935,48.40141532619502,33878.28524558723,52621.47059569083,67.98129639113253,67.9812963911322,32.90390961040368,32.903909610403716,0.0,99385.89102116608,0.0,409348.6914634251
70,demo_wtest2_070,en_pv,72.0,W,18000.0,6774.572088969601,21989.848336505645,1328.958898269176,0.0,1328.958898269176,0.0,0.0,0.0,-1.862645149230957e-11,21.51363780654435,19205.07856462898,0.0,19205.07856462898,0.0,19513.328813778622,52621.47059569083,-1153527.939077041,114890.11924000984,99385.89102116607,15504.22821884377,63438.83685706201,274656.96803292935,48.40141532619502,33878.28524558723,52621.47059569083,67.98129639113253,67.9812963911322,32.90390961040368,32.903909610403716,0.0,99385.89102116608,0.0,409348.6914634251
71,demo_wtest2_071,en_pv,72.0,W,18000.0,6774.572088969601,21989.848336505645,1319.1495770701615,0.0,1319.1495770701615,0.0,0.0,0.0,1.862645149230957e-11,21.51363780654435,21383.990763344802,0.0,21383.990763344802,0.0,19513.328813778622,52621.47059569083,-1153527.9390770402,116362.76031239645,99385.89102116607,16976.869291230385,63438.83685706201,274656.96803292935,48.40141532619502,33878.28524558723,52621.47059569083,67.98129639113253,67.9812963911322,32.90390961040368,32.903909610403716,0.0,99385.89102116605,0.0,409348.6914634251
72,demo_wtest2_072,en_pv,72.0,W,18000.0,6774.572088969601,21989.848336505645,1284.1678751343788,0.0,1284.1678751343788,0.0,0.0,0.0,-1.862645149230957e-11,21.51363780654435,18743.913548228607,0.0,18743.913548228607,0.0,19513.328813778622,52621.47059569083,-1153527.939077041,111204.00055790407,99385.89102116607,11818.109536738004,63438.83685706201,274656.96803292935,48.40141532619502,33878.28524558723,52621.47059569083,67.98129639113253,67.9812963911322,32.90390961040368,32.903909610403716,0.0,99385.89102116608,0.0,409348.6914634251
73,demo_wtest2_073,en_pv,72.0,W,18000.0,6774.572088969601,21989.848336505645,1250.7848454298153,0.0,1250.7848454298153,0.0,0.0,0.0,-1.862645149230957e-11,21.51363780654435,18075.368060827273,0.0,18075.368060827273,0.0,19513.328813778622,52621.47059569083,-1153527.939077041,108131.87693177385,99385.89102116607,8745.985910607782,63438.83685706201,274656.96803292935,48.40141532619502,33878.28524558723,52621.47059569083,67.98129639113253,67.9812963911322,32.90390961040368,32.903909610403716,0.0,99385.89102116608,0.0,409348.6914634251
74,demo_wtest2_074,en_pv,72.0,W,18000.0,6774.572088969601,21989.848336505645,1236.7027285032739,0.0,1236.7027285032739,0.0,0.0,0.0,0.0,21.51363780654435,20047.49134063575,0.0,20047.49134063575,0.0,19513.328813778622,52621.47059569083,-1153527.9390770409,109090.08779287159,99385.89102116607,9704.196771705523,63438.83685706201,274656.96803292935,48.40141532619502,33878.28524558723,52621.47059569083,67.98129639113253,67.9812963911322,32.90390961040368,32.903909610403716,0.0,99385.89102116607,0.0,409348.6914634251
75,demo_wtest2_075,en_pv,72.0,W,18000.0,6774.572088969601,21989.848336505645,1203.9073829384802,0.0,1203.9073829384802,0.0,0.0,0.0,0.0,21.51363780654435,17572.41895146432,0.0,17572.41895146432,0.0,19513.328813778622,52621.47059569083,-1153527.9390770409,104253.75052303496,99385.89102116607,4867.859501868897,63438.83685706201,274656.96803292935,48.40141532619502,33878.28524558723,52621.47059569083,67.98129639113253,67.9812963911322,32.90390961040368,32.903909610403716,0.0,99385.89102116607,0.0,409348.6914634251
76,demo_wtest2_076,en_pv,72.0,W,18000.0,6774.572088969601,21989.848336505645,1172.6107925904516,0.0,1172.6107925904516,0.0,0.0,0.0,-1.862645149230957e-11,21.51363780654435,16945.657557025566,0.0,16945.657557025566,0.0,19513.328813778622,52621.47059569083,-1153527.939077041,101373.63462353824,99385.89102116607,1987.7436023721657,63438.83685706201,274656.96803292935,48.40141532619502,33878.28524558723,52621.47059569083,67.98129639113253,67.9812963911322,32.90390961040368,32.903909610403716,0.0,99385.89102116608,0.0,409348.6914634251
77,demo_wtest2_077,en_pv,72.0,W,18000.0,6774.572088969601,21989.848336505645,1154.25587993639,0.0,1154.25587993639,0.0,0.0,0.0,1.862645149230957e-11,21.51363780654435,18710.991917926698,0.0,18710.991917926698,0.0,19513.328813778622,52621.47059569083,-1153527.9390770402,101817.41527334669,99385.89102116607,2431.524252180625,63438.83685706201,274656.96803292935,48.40141532619502,33878.28524558723,52621.47059569083,67.98129639113253,67.9812963911322,32.90390961040368,32.903909610403716,0.0,99385.89102116605,0.0,409348.6914634251
78,demo_wtest2_078,en_pv,72.0,W,18000.0,6774.572088969601,21989.848336505645,1123.6468907425815,0.0,1123.6468907425815,0.0,0.0,0.0,1.862645149230957e-11,21.51363780654435,16400.924354700033,0.0,16400.924354700033,0.0,19513.328813778622,52621.47059569083,-1153527.9390770402,97303.50048816594,99385.89102116607,-2082.3905330001376,63438.83685706201,274656.96803292935,48.40141532619502,33878.28524558723,52621.47059569083,67.98129639113253,67.9812963911322,32.90390961040368,32.903909610403716,0.0,99385.89102116605,0.0,409348.6914634251
79,demo_wtest2_079,en_pv,72.0,W,18000.0,6774.572088969601,21989.848336505645,1094.436739751088,0.0,1094.436739751088,0.0,0.0,0.0,0.0,21.51363780654435,15815.947053223867,0.0,15815.947053223867,0.0,19513.328813778622,52621.47059569083,-1153527.9390770409,94615.39231530204,99385.89102116607,-4770.498705864027,63438.83685706201,274656.96803292935,48.40141532619502,33878.28524558723,52621.47059569083,67.98129639113253,67.9812963911322,32.90390961040368,32.903909610403716,0.0,99385.89102116607,0.0,409348.6914634251
80,demo_wtest2_080,bau,72.0,W,0.0,0.0,0.0,1401.5964256370428,0.0,1401.5964256370428,0.0,0.0,0.0,0.0,21.51363780654435,22720.49018605385,0.0,22720.49018605385,0.0,0.0,0.0,-1434981.6112342444,0.0,0.0,0.0,1.9765048930000004,409350.66796831775,0.0,37870.852092260895,123635.43283192119,100.0,100.0,0.0,0.0,0.0,123635.43283192119,0.0,409348.6914634251
81,demo_wtest2_081,bau,72.0,W,0.0,0.0,0.0,1364.4283673302775,0.0,1364.4283673302775,0.0,0.0,0.0,0.0,21.51363780654435,19915.408144992896,0.0,19915.408144992896,0.0,0.0,0.0,-1371363.9610118002,0.0,0.0,0.0,1.9765048930000004,409350.66796831775,0.0,37870.852092260895,118154.25059277279,100.0,100.0,0.0,0.0,0.0,118154.25059277279,0.0,409348.6914634251
82,demo_wtest2_082,en_pv,72.0,W,18000.0,2647.9291921353265,12302.554136187184,0.0,0.0,0.0,0.0,0.0,0.0,0.0,21.51363780654435,0.0,0.0,0.0,0.0,19513.328813778622,64344.83199932868,-1129263.5546010667,0.0,97295.31532765119,-97295.31532765119,6945.071119167,313812.4382959242,25.03521482389404,35023.802451656265,64344.83199932868,93.22308609153048,93.22308609153042,23.33859986847834,23.338599868478383,0.0,97295.31532765119,0.0,409348.6914634251
83,demo_wtest2_083,en_pv,72.0,W,18000.0,2647.9291921353265,12302.554136187184,1401.5964256370428,0.0,1401.5964256370428,0.0,0.0,0.0,0.0,21.51363780654435,22720.49018605385,0.0,22720.49018605385,0.0,19513.328813778622,64344.83199932868,-1129263.5546010667,123635.43283192119,97295.31532765119,26340.11750427,6945.071119167,313812.4382959242,25.03521482389404,35023.802451656265,64344.83199932868,93.22308609153048,93.22308609153042,23.33859986847834,23.338599868478383,0.0,97295.31532765119,0.0,409348.6914634251
84,demo_wtest2_084,en_pv,72.0,W,18000.0,2647.9291921353265,12302.554136187184,1364.4283673302775,0.0,1364.4283673302775,0.0,0.0,0.0,0.0,21.51363780654435,19915.408144992896,0.0,19915.408144992896,0.0,19513.328813778622,64344.83199932868,-1129263.5546010667,118154.25059277279,97295.31532765119,20858.93526512161,6945.071119167,313812.4382959242,25.03521482389404,35023.802451656265,64344.83199932868,93.22308609153048,93.22308609153042,23.33859986847834,23.338599868478383,0.0,97295.31532765119,0.0,409348.6914634251
85,demo_wtest2_085,en_pv,72.0,W,18000.0,2647.9291921353265,12302.554136187184,1328.958898269176,0.0,1328.958898269176,0.0,0.0,0.0,0.0,21.51363780654435,19205.07856462898,0.0,19205.07856462898,0.0,19513.328813778622,64344.83199932868,-1129263.5546010667,114890.11924000984,97295.31532765119,17594.803912358657,6945.071119167,313812.4382959242,25.03521482389404,35023.802451656265,64344.83199932868,93.22308609153048,93.22308609153042,23.33859986847834,23.338599868478383,0.0,97295.31532765119,0.0,409348.6914634251
86,demo_wtest2_086,en_pv,72.0,W,18000.0,2647.9291921353265,12302.554136187184,1319.1495770701615,0.0,1319.1495770701615,0.0,0.0,0.0,0.0,21.51363780654435,21383.990763344802,0.0,21383.990763344802,0.0,19513.328813778622,64344.83199932868,-1129263.5546010667,116362.76031239645,97295.31532765119,19067.44498474527,6945.071119167,313812.4382959242,25.03521482389404,35023.802451656265,64344.83199932868,93.22308609153048,93.22308609153042,23.33859986847834,23.338599868478383,0.0,97295.31532765119,0.0,409348.6914634251
87,demo_wtest2_087,en_pv,72.0,W,18000.0,2647.9291921353265,12302.554136187184,1284.1678751343788,0.0,1284.1678751343788,0.0,0.0,0.0,0.0,21.51363780654435,18743.913548228607,0.0,18743.913548228607,0.0,19513.328813778622,64344.83199932868,-1129263.5546010667,111204.00055790407,97295.31532765119,13908.685230252891,6945.071119167,313812.4382959242,25.03521482389404,35023.802451656265,64344.83199932868,93.22308609153048,93.22308609153042,23.33859986847834,23.338599868478383,0.0,97295.31532765119,0.0,409348.6914634251
88,demo_wtest2_088,en_pv,72.0,W,18000.0,2647.9291921353265,12302.554136187184,1250.7848454298153,0.0,1250.7848454298153,0.0,0.0,0.0,0.0,21.51363780654435,18075.368060827273,0.0,18075.368060827273,0.0,19513.328813778622,64344.83199932868,-1129263.5546010667,108131.87693177385,97295.31532765119,10836.561604122668,6945.071119167,313812.4382959242,25.03521482389404,35023.802451656265,64344.83199932868,93.22308609153048,93.22308609153042,23.33859986847834,23.338599868478383,0.0,97295.31532765119,0.0,409348.6914634251
89,demo_wtest2_089,en_pv,72.0,W,18000.0,2647.9291921353265,12302.554136187184,1236.7027285032739,0.0,1236.7027285032739,0.0,0.0,0.0,-1.862645149230957e-11,21.51363780654435,20047.49134063575,0.0,20047.49134063575,0.0,19513.328813778622,64344.83199932868,-1129263.5546010672,109090.08779287159,97295.31532765119,11794.77246522041,6945.071119167,313812.4382959242,25.03521482389404,35023.802451656265,64344.83199932868,93.22308609153048,93.22308609153042,23.33859986847834,23.338599868478383,0.0,97295.3153276512,0.0,409348.6914634251
90,demo_wtest2_090,en_pv,72.0,W,18000.0,2647.9291921353265,12302.554136187184,1203.9073829384802,0.0,1203.9073829384802,0.0,0.0,0.0,1.862645149230957e-11,21.51363780654435,17572.41895146432,0.0,17572.41895146432,0.0,19513.328813778622,64344.83199932868,-1129263.5546010665,104253.75052303496,97295.31532765119,6958.435195383783,6945.071119167,313812.4382959242,25.03521482389404,35023.802451656265,64344.83199932868,93.22308609153048,93.22308609153042,23.33859986847834,23.338599868478383,0.0,97295.31532765116,0.0,409348.6914634251
91,demo_wtest2_091,en_pv,72.0,W,18000.0,2647.9291921353265,12302.554136187184,1172.6107925904516,0.0,1172.6107925904516,0.0,0.0,0.0,0.0,21.51363780654435,16945.657557025566,0.0,16945.657557025566,0.0,19513.328813778622,64344.83199932868,-1129263.5546010667,101373.63462353824,97295.31532765119,4078.319295887053,6945.071119167,313812.4382959242,25.03521482389404,35023.802451656265,64344.83199932868,93.22308609153048,93.22308609153042,23.33859986847834,23.338599868478383,0.0,97295.31532765119,0.0,409348.6914634251
92,demo_wtest2_092,en_pv,72.0,W,18000.0,2647.9291921353265,12302.554136187184,1154.25587993639,0.0,1154.25587993639,0.0,0.0,0.0,0.0,21.51363780654435,18710.991917926698,0.0,18710.991917926698,0.0,19513.328813778622,64344.83199932868,-1129263.5546010667,101817.41527334669,97295.31532765119,4522.099945695512,6945.071119167,313812.4382959242,25.03521482389404,35023.802451656265,64344.83199932868,93.22308609153048,93.22308609153042,23.33859986847834,23.338599868478383,0.0,97295.31532765119,0.0,409348.6914634251
93,demo_wtest2_093,en_pv,72.0,W,18000.0,2647.9291921353265,12302.554136187184,1123.6468907425815,0.0,1123.6468907425815,0.0,0.0,0.0,0.0,21.51363780654435,16400.924354700033,0.0,16400.924354700033,0.0,19513.328813778622,64344.83199932868,-1129263.5546010667,97303.50048816594,97295.31532765119,8.185160514749587,6945.071119167,313812.4382959242,25.03521482389404,35023.802451656265,64344.83199932868,93.22308609153048,93.22308609153042,23.33859986847834,23.338599868478383,0.0,97295.31532765119,0.0,409348.6914634251
94,demo_wtest2_094,en_pv,72.0,W,18000.0,2647.9291921353265,12302.554136187184,1094.436739751088,0.0,1094.436739751088,0.0,0.0,0.0,-1.862645149230957e-11,21.51363780654435,15815.947053223867,0.0,15815.947053223867,0.0,19513.328813778622,64344.83199932868,-1129263.5546010672,94615.39231530204,97295.31532765119,-2679.9230123491398,6945.071119167,313812.4382959242,25.03521482389404,35023.802451656265,64344.83199932868,93.22308609153048,93.22308609153042,23.33859986847834,23.338599868478383,0.0,97295.3153276512,0.0,409348.6914634251
95,demo_wtest2_095,en_pv,72.0,W,18000.0,2647.9291921353265,21989.848336505645,0.0,0.0,0.0,0.0,0.0,0.0,0.0,21.51363780654435,0.0,0.0,0.0,0.0,19513.328813778622,59522.33298647063,-1185727.0738085166,0.0,102160.1105151116,-102160.1105151116,63438.83685706201,274656.96803292935,48.40141532619502,33878.28524558723,59522.33298647063,67.98129639113253,67.9812963911322,32.90390961040368,32.903909610403716,0.0,102160.1105151116,0.0,409348.6914634251
96,demo_wtest2_096,en_pv,72.0,W,18000.0,2647.9291921353265,21989.848336505645,1401.5964256370428,0.0,1401.5964256370428,0.0,0.0,0.0,-1.862645149230957e-11,21.51363780654435,22720.49018605385,0.0,22720.49018605385,0.0,19513.328813778622,59522.33298647063,-1185727.0738085168,123635.43283192119,102160.1105151116,21475.322316809576,63438.83685706201,274656.96803292935,48.40141532619502,33878.28524558723,59522.33298647063,67.98129639113253,67.9812963911322,32.90390961040368,32.903909610403716,0.0,102160.11051511164,0.0,409348.6914634251
97,demo_wtest2_097,en_pv,72.0,W,18000.0,2647.9291921353265,21989.848336505645,1364.4283673302775,0.0,1364.4283673302775,0.0,0.0,0.0,-1.862645149230957e-11,21.51363780654435,19915.408144992896,0.0,19915.408144992896,0.0,19513.328813778622,59522.33298647063,-1185727.0738085168,118154.25059277279,102160.1105151116,15994.140077661183,63438.83685706201,274656.96803292935,48.40141532619502,33878.28524558723,59522.33298647063,67.98129639113253,67.9812963911322,32.90390961040368,32.903909610403716,0.0,102160.11051511164,0.0,409348.6914634251
98,demo_wtest2_098,en_pv,72.0,W,18000.0,2647.9291921353265,21989.848336505645,1328.958898269176,0.0,1328.958898269176,0.0,0.0,0.0,-1.862645149230957e-11,21.51363780654435,19205.07856462898,0.0,19205.07856462898,0.0,19513.328813778622,59522.33298647063,-1185727.0738085168,114890.11924000984,102160.1105151116,12730.00872489823,63438.83685706201,274656.96803292935,48.40141532619502,33878.28524558723,59522.33298647063,67.98129639113253,67.9812963911322,32.90390961040368,32.903909610403716,0.0,102160.11051511164,0.0,409348.6914634251
99,demo_wtest2_099,en_pv,72.0,W,18000.0,2647.9291921353265,21989.848336505645,1319.1495770701615,0.0,1319.1495770701615,0.0,0.0,0.0,1.862645149230957e-11,21.51363780654435,21383.990763344802,0.0,21383.990763344802,0.0,19513.328813778622,59522.33298647063,-1185727.0738085166,116362.76031239645,102160.1105151116,14202.649797284845,63438.83685706201,274656.96803292935,48.40141532619502,33878.28524558723,59522.33298647063,67.98129639113253,67.9812963911322,32.90390961040368,32.903909610403716,0.0,102160.11051511159,0.0,409348.6914634251
100,demo_wtest2_100,en_pv,72.0,W,18000.0,2647.9291921353265,21989.848336505645,1284.1678751343788,0.0,1284.1678751343788,0.0,0.0,0.0,-1.862645149230957e-11,21.51363780654435,18743.913548228607,0.0,18743.913548228607,0.0,19513.328813778622,59522.33298647063,-1185727.0738085168,111204.00055790407,102160.1105151116,9043.890042792465,63438.83685706201,274656.96803292935,48.40141532619502,33878.28524558723,59522.33298647063,67.98129639113253,67.9812963911322,32.90390961040368,32.903909610403716,0.0,102160.11051511164,0.0,409348.6914634251
101,demo_wtest2_101,en_pv,72.0,W,18000.0,2647.9291921353265,21989.848336505645,1250.7848454298153,0.0,1250.7848454298153,0.0,0.0,0.0,-1.862645149230957e-11,21.51363780654435,18075.368060827273,0.0,18075.368060827273,0.0,19513.328813778622,59522.33298647063,-1185727.0738085168,108131.87693177385,102160.1105151116,5971.766416662243,63438.83685706201,274656.96803292935,48.40141532619502,33878.28524558723,59522.33298647063,67.98129639113253,67.9812963911322,32.90390961040368,32.903909610403716,0.0,102160.11051511164,0.0,409348.6914634251
102,demo_wtest2_102,en_pv,72.0,W,18000.0,2647.9291921353265,21989.848336505645,1236.7027285032739,0.0,1236.7027285032739,0.0,0.0,0.0,0.0,21.51363780654435,20047.49134063575,0.0,20047.49134063575,0.0,19513.328813778622,59522.33298647063,-1185727.0738085166,109090.08779287159,102160.1105151116,6929.977277759984,63438.83685706201,274656.96803292935,48.40141532619502,33878.28524558723,59522.33298647063,67.98129639113253,67.9812963911322,32.90390961040368,32.903909610403716,0.0,102160.1105151116,0.0,409348.6914634251
103,demo_wtest2_103,en_pv,72.0,W,18000.0,2647.9291921353265,21989.848336505645,1203.9073829384802,0.0,1203.9073829384802,0.0,0.0,0.0,0.0,21.51363780654435,17572.41895146432,0.0,17572.41895146432,0.0,19513.328813778622,59522.33298647063,-1185727.0738085166,104253.75052303496,102160.1105151116,2093.640007923357,63438.83685706201,274656.96803292935,48.40141532619502,33878.28524558723,59522.33298647063,67.98129639113253,67.9812963911322,32.90390961040368,32.903909610403716,0.0,102160.1105151116,0.0,409348.6914634251
104,demo_wtest2_104,en_pv,72.0,W,18000.0,2647.9291921353265,21989.848336505645,1172.6107925904516,0.0,1172.6107925904516,0.0,0.0,0.0,-1.862645149230957e-11,21.51363780654435,16945.657557025566,0.0,16945.657557025566,0.0,19513.328813778622,59522.33298647063,-1185727.0738085168,101373.63462353824,102160.1105151116,-786.4758915733732,63438.83685706201,274656.96803292935,48.40141532619502,33878.28524558723,59522.33298647063,67.98129639113253,67.9812963911322,32.90390961040368,32.903909610403716,0.0,102160.11051511164,0.0,409348.6914634251
105,demo_wtest2_105,en_pv,72.0,W,18000.0,2647.9291921353265,21989.848336505645,1154.25587993639,0.0,1154.25587993639,0.0,0.0,0.0,1.862645149230957e-11,21.51363780654435,18710.991917926698,0.0,18710.991917926698,0.0,19513.328813778622,59522.33298647063,-1185727.0738085166,101817.41527334669,102160.1105151116,-342.6952417649143,63438.83685706201,274656.96803292935,48.40141532619502,33878.28524558723,59522.33298647063,67.98129639113253,67.9812963911322,32.90390961040368,32.903909610403716,0.0,102160.11051511159,0.0,409348.6914634251
106,demo_wtest2_106,en_pv,72.0,W,18000.0,2647.9291921353265,21989.848336505645,1123.6468907425815,0.0,1123.6468907425815,0.0,0.0,0.0,1.862645149230957e-11,21.51363780654435,16400.924354700033,0.0,16400.924354700033,0.0,19513.328813778622,59522.33298647063,-1185727.0738085166,97303.50048816594,102160.1105151116,-4856.6100269456765,63438.83685706201,274656.96803292935,48.40141532619502,33878.28524558723,59522.33298647063,67.98129639113253,67.9812963911322,32.90390961040368,32.903909610403716,0.0,102160.11051511159,0.0,409348.6914634251
107,demo_wtest2_107,en_pv,72.0,W,18000.0,2647.9291921353265,21989.848336505645,1094.436739751088,0.0,1094.436739751088,0.0,0.0,0.0,0.0,21.51363780654435,15815.947053223867,0.0,15815.947053223867,0.0,19513.328813778622,59522.33298647063,-1185727.0738085166,94615.39231530204,102160.1105151116,-7544.718199809566,63438.83685706201,274656.96803292935,48.40141532619502,33878.28524558723,59522.33298647063,67.98129639113253,67.9812963911322,32.90390961040368,32.903909610403716,0.0,102160.1105151116,0.0,409348.6914634251
108,demo_wtest2_108,en_pv,72.0,W,18000.0,4195.4202784481795,12302.554136187184,0.0,0.0,0.0,0.0,0.0,0.0,0.0,21.51363780654435,0.0,0.0,0.0,0.0,19513.328813778622,64344.83199932868,-1147224.5970105412,0.0,98842.80641396403,-98842.80641396403,6945.071119167,313812.4382959242,25.03521482389404,35023.802451656265,64344.83199932868,93.22308609153048,93.22308609153042,23.33859986847834,23.338599868478383,0.0,98842.80641396403,0.0,409348.6914634251
109,demo_wtest2_109,en_pv,72.0,W,18000.0,4195.4202784481795,12302.554136187184,1401.5964256370428,0.0,1401.5964256370428,0.0,0.0,0.0,-1.862645149230957e-11,21.51363780654435,22720.49018605385,0.0,22720.49018605385,0.0,19513.328813778622,64344.83199932868,-1147224.5970105415,123635.43283192119,98842.80641396403,24792.62641795715,6945.071119167,313812.4382959242,25.03521482389404,35023.802451656265,64344.83199932868,93.22308609153048,93.22308609153042,23.33859986847834,23.338599868478383,0.0,98842.80641396405,0.0,409348.6914634251
110,demo_wtest2_110,en_pv,72.0,W,18000.0,4195.4202784481795,12302.554136187184,1364.4283673302775,0.0,1364.4283673302775,0.0,0.0,0.0,-1.862645149230957e-11,21.51363780654435,19915.408144992896,0.0,19915.408144992896,0.0,19513.328813778622,64344.83199932868,-1147224.5970105415,118154.25059277279,98842.80641396403,19311.44417880876,6945.071119167,313812.4382959242,25.03521482389404,35023.802451656265,64344.83199932868,93.22308609153048,93.22308609153042,23.33859986847834,23.338599868478383,0.0,98842.80641396405,0.0,409348.6914634251
111,demo_wtest2_111,en_pv,72.0,W,18000.0,4195.4202784481795,12302.554136187184,1328.958898269176,0.0,1328.958898269176,0.0,0.0,0.0,-1.862645149230957e-11,21.51363780654435,19205.07856462898,0.0,19205.07856462898,0.0,19513.328813778622,64344.83199932868,-1147224.5970105415,114890.11924000984,98842.80641396403,16047.312826045807,6945.071119167,313812.4382959242,25.03521482389404,35023.802451656265,64344.83199932868,93.22308609153048,93.22308609153042,23.33859986847834,23.338599868478383,0.0,98842.80641396405,0.0,409348.6914634251
112,demo_wtest2_112,en_pv,72.0,W,18000.0,4195.4202784481795,12302.554136187184,1319.1495770701615,0.0,1319.1495770701615,0.0,0.0,0.0,1.862645149230957e-11,21.51363780654435,21383.990763344802,0.0,21383.990763344802,0.0,19513.328813778622,64344.83199932868,-1147224.597010541,116362.76031239645,98842.80641396403,17519.95389843242,6945.071119167,313812.4382959242,25.03521482389404,35023.802451656265,64344.83199932868,93.22308609153048,93.22308609153042,23.33859986847834,23.338599868478383,0.0,98842.80641396402,0.0,409348.6914634251
113,demo_wtest2_113,en_pv,72.0,W,18000.0,4195.4202784481795,12302.554136187184,1284.1678751343788,0.0,1284.1678751343788,0.0,0.0,0.0,-1.862645149230957e-11,21.51363780654435,18743.913548228607,0.0,18743.913548228607,0.0,19513.328813778622,64344.83199932868,-1147224.5970105415,111204.00055790407,98842.80641396403,12361.194143940043,6945.071119167,313812.4382959242,25.03521482389404,35023.802451656265,64344.83199932868,93.22308609153048,93.22308609153042,23.33859986847834,23.338599868478383,0.0,98842.80641396405,0.0,409348.6914634251
114,demo_wtest2_114,en_pv,72.0,W,18000.0,4195.4202784481795,12302.554136187184,1250.7848454298153,0.0,1250.7848454298153,0.0,0.0,0.0,-1.862645149230957e-11,21.51363780654435,18075.368060827273,0.0,18075.368060827273,0.0,19513.328813778622,64344.83199932868,-1147224.5970105415,108131.87693177385,98842.80641396403,9289.07051780982,6945.071119167,313812.4382959242,25.03521482389404,35023.802451656265,64344.83199932868,93.22308609153048,93.22308609153042,23.33859986847834,23.338599868478383,0.0,98842.80641396405,0.0,409348.6914634251
115,demo_wtest2_115,en_pv,72.0,W,18000.0,4195.4202784481795,12302.554136187184,1236.7027285032739,0.0,1236.7027285032739,0.0,0.0,0.0,0.0,21.51363780654435,20047.49134063575,0.0,20047.49134063575,0.0,19513.328813778622,64344.83199932868,-1147224.5970105412,109090.08779287159,98842.80641396403,10247.28137890756,6945.071119167,313812.4382959242,25.03521482389404,35023.802451656265,64344.83199932868,93.22308609153048,93.22308609153042,23.33859986847834,23.338599868478383,0.0,98842.80641396403,0.0,409348.6914634251
116,demo_wtest2_116,en_pv,72.0,W,18000.0,4195.4202784481795,12302.554136187184,1203.9073829384802,0.0,1203.9073829384802,0.0,0.0,0.0,0.0,21.51363780654435,17572.41895146432,0.0,17572.41895146432,0.0,19513.328813778622,64344.83199932868,-1147224.5970105412,104253.75052303496,98842.80641396403,5410.944109070934,6945.071119167,313812.4382959242,25.03521482389404,35023.802451656265,64344.83199932868,93.22308609153048,93.22308609153042,23.33859986847834,23.338599868478383,0.0,98842.80641396403,0.0,409348.6914634251
117,demo_wtest2_117,en_pv,72.0,W,18000.0,4195.4202784481795,12302.554136187184,1172.6107925904516,0.0,1172.6107925904516,0.0,0.0,0.0,-1.862645149230957e-11,21.51363780654435,16945.657557025566,0.0,16945.657557025566,0.0,19513.328813778622,64344.83199932868,-1147224.5970105415,101373.63462353824,98842.80641396403,2530.828209574204,6945.071119167,313812.4382959242,25.03521482389404,35023.802451656265,64344.83199932868,93.22308609153048,93.22308609153042,23.33859986847834,23.338599868478383,0.0,98842.80641396405,0.0,409348.6914634251
118,demo_wtest2_118,en_pv,72.0,W,18000.0,4195.4202784481795,12302.554136187184,1154.25587993639,0.0,1154.25587993639,0.0,0.0,0.0,1.862645149230957e-11,21.51363780654435,18710.991917926698,0.0,18710.991917926698,0.0,19513.328813778622,64344.83199932868,-1147224.597010541,101817.41527334669,98842.80641396403,2974.608859382663,6945.071119167,313812.4382959242,25.03521482389404,35023.802451656265,64344.83199932868,93.22308609153048,93.22308609153042,23.33859986847834,23.338599868478383,0.0,98842.80641396402,0.0,409348.6914634251
119,demo_wtest2_119,en_pv,72.0,W,18000.0,4195.4202784481795,12302.554136187184,1123.6468907425815,0.0,1123.6468907425815,0.0,0.0,0.0,1.862645149230957e-11,21.51363780654435,16400.924354700033,0.0,16400.924354700033,0.0,19513.328813778622,64344.83199932868,-1147224.597010541,97303.50048816594,98842.80641396403,-1539.3059257980995,6945.071119167,313812.4382959242,25.03521482389404,35023.802451656265,64344.83199932868,93.22308609153048,93.22308609153042,23.33859986847834,23.338599868478383,0.0,98842.80641396402,0.0,409348.6914634251
120,demo_wtest2_120,en_pv,72.0,W,18000.0,4195.4202784481795,12302.554136187184,1094.436739751088,0.0,1094.436739751088,0.0,0.0,0.0,0.0,21.51363780654435,15815.947053223867,0.0,15815.947053223867,0.0,19513.328813778622,64344.83199932868,-1147224.5970105412,94615.39231530204,98842.80641396403,-4227.414098661989,6945.071119167,313812.4382959242,25.03521482389404,35023.802451656265,64344.83199932868,93.22308609153048,93.22308609153042,23.33859986847834,23.338599868478383,0.0,98842.80641396403,0.0,409348.6914634251
121,demo_wtest2_121,en_pv,72.0,W,18000.0,4195.4202784481795,21989.848336505645,0.0,0.0,0.0,0.0,0.0,0.0,0.0,21.51363780654435,0.0,0.0,0.0,0.0,19513.328813778622,59522.33298647063,-1203688.1162179895,0.0,103707.60160142444,-103707.60160142444,63438.83685706201,274656.96803292935,48.40141532619502,33878.28524558723,59522.33298647063,67.98129639113253,67.9812963911322,32.90390961040368,32.903909610403716,0.0,103707.60160142444,0.0,409348.6914634251
122,demo_wtest2_122,en_pv,72.0,W,18000.0,4195.4202784481795,21989.848336505645,1401.5964256370428,0.0,1401.5964256370428,0.0,0.0,0.0,-1.862645149230957e-11,21.51363780654435,22720.49018605385,0.0,22720.49018605385,0.0,19513.328813778622,59522.33298647063,-1203688.1162179902,123635.43283192119,103707.60160142444,19927.831230496744,63438.83685706201,274656.96803292935,48.40141532619502,33878.28524558723,59522.33298647063,67.98129639113253,67.9812963911322,32.90390961040368,32.903909610403716,0.0,103707.60160142445,0.0,409348.6914634251
123,demo_wtest2_123,en_pv,72.0,W,18000.0,4195.4202784481795,21989.848336505645,1364.4283673302775,0.0,1364.4283673302775,0.0,0.0,0.0,-1.862645149230957e-11,21.51363780654435,19915.408144992896,0.0,19915.408144992896,0.0,19513.328813778622,59522.33298647063,-1203688.1162179902,118154.25059277279,103707.60160142444,14446.648991348353,63438.83685706201,274656.96803292935,48.40141532619502,33878.28524558723,59522.33298647063,67.98129639113253,67.9812963911322,32.90390961040368,32.903909610403716,0.0,103707.60160142445,0.0,409348.6914634251
124,demo_wtest2_124,en_pv,72.0,W,18000.0,4195.4202784481795,21989.848336505645,1328.958898269176,0.0,1328.958898269176,0.0,0.0,0.0,-1.862645149230957e-11,21.51363780654435,19205.07856462898,0.0,19205.07856462898,0.0,19513.328813778622,59522.33298647063,-1203688.1162179902,114890.11924000984,103707.60160142444,11182.5176385854,63438.83685706201,274656.96803292935,48.40141532619502,33878.28524558723,59522.33298647063,67.98129639113253,67.9812963911322,32.90390961040368,32.903909610403716,0.0,103707.60160142445,0.0,409348.6914634251
125,demo_wtest2_125,en_pv,72.0,W,18000.0,4195.4202784481795,21989.848336505645,1319.1495770701615,0.0,1319.1495770701615,0.0,0.0,0.0,1.862645149230957e-11,21.51363780654435,21383.990763344802,0.0,21383.990763344802,0.0,19513.328813778622,59522.33298647063,-1203688.1162179892,116362.76031239645,103707.60160142444,12655.158710972015,63438.83685706201,274656.96803292935,48.40141532619502,33878.28524558723,59522.33298647063,67.98129639113253,67.9812963911322,32.90390961040368,32.903909610403716,0.0,103707.60160142442,0.0,409348.6914634251
126,demo_wtest2_126,en_pv,72.0,W,18000.0,4195.4202784481795,21989.848336505645,1284.1678751343788,0.0,1284.1678751343788,0.0,0.0,0.0,-1.862645149230957e-11,21.51363780654435,18743.913548228607,0.0,18743.913548228607,0.0,19513.328813778622,59522.33298647063,-1203688.1162179902,111204.00055790407,103707.60160142444,7496.398956479635,63438.83685706201,274656.96803292935,48.40141532619502,33878.28524558723,59522.33298647063,67.98129639113253,67.9812963911322,32.90390961040368,32.903909610403716,0.0,103707.60160142445,0.0,409348.6914634251
127,demo_wtest2_127,en_pv,72.0,W,18000.0,4195.4202784481795,21989.848336505645,1250.7848454298153,0.0,1250.7848454298153,0.0,0.0,0.0,-1.862645149230957e-11,21.51363780654435,18075.368060827273,0.0,18075.368060827273,0.0,19513.328813778622,59522.33298647063,-1203688.1162179902,108131.87693177385,103707.60160142444,4424.275330349412,63438.83685706201,274656.96803292935,48.40141532619502,33878.28524558723,59522.33298647063,67.98129639113253,67.9812963911322,32.90390961040368,32.903909610403716,0.0,103707.60160142445,0.0,409348.6914634251
128,demo_wtest2_128,en_pv,72.0,W,18000.0,4195.4202784481795,21989.848336505645,1236.7027285032739,0.0,1236.7027285032739,0.0,0.0,0.0,0.0,21.51363780654435,20047.49134063575,0.0,20047.49134063575,0.0,19513.328813778622,59522.33298647063,-1203688.1162179895,109090.08779287159,103707.60160142444,5382.486191447154,63438.83685706201,274656.96803292935,48.40141532619502,33878.28524558723,59522.33298647063,67.98129639113253,67.9812963911322,32.90390961040368,32.903909610403716,0.0,103707.60160142444,0.0,409348.6914634251
129,demo_wtest2_129,en_pv,72.0,W,18000.0,4195.4202784481795,21989.848336505645,1203.9073829384802,0.0,1203.9073829384802,0.0,0.0,0.0,0.0,21.51363780654435,17572.41895146432,0.0,17572.41895146432,0.0,19513.328813778622,59522.33298647063,-1203688.1162179895,104253.75052303496,103707.60160142444,546.1489216105267,63438.83685706201,274656.96803292935,48.40141532619502,33878.28524558723,59522.33298647063,67.98129639113253,67.9812963911322,32.90390961040368,32.903909610403716,0.0,103707.60160142444,0.0,409348.6914634251
130,demo_wtest2_130,en_pv,72.0,W,18000.0,4195.4202784481795,21989.848336505645,1172.6107925904516,0.0,1172.6107925904516,0.0,0.0,0.0,-1.862645149230957e-11,21.51363780654435,16945.657557025566,0.0,16945.657557025566,0.0,19513.328813778622,59522.33298647063,-1203688.1162179902,101373.63462353824,103707.60160142444,-2333.9669778862035,63438.83685706201,274656.96803292935,48.40141532619502,33878.28524558723,59522.33298647063,67.98129639113253,67.9812963911322,32.90390961040368,32.903909610403716,0.0,103707.60160142445,0.0,409348.6914634251
131,demo_wtest2_131,en_pv,72.0,W,18000.0,4195.4202784481795,21989.848336505645,1154.25587993639,0.0,1154.25587993639,0.0,0.0,0.0,1.862645149230957e-11,21.51363780654435,18710.991917926698,0.0,18710.991917926698,0.0,19513.328813778622,59522.33298647063,-1203688.1162179892,101817.41527334669,103707.60160142444,-1890.1863280777447,63438.83685706201,274656.96803292935,48.40141532619502,33878.28524558723,59522.33298647063,67.98129639113253,67.9812963911322,32.90390961040368,32.903909610403716,0.0,103707.60160142442,0.0,409348.6914634251
132,demo_wtest2_132,en_pv,72.0,W,18000.0,4195.4202784481795,21989.848336505645,1123.6468907425815,0.0,1123.6468907425815,0.0,0.0,0.0,1.862645149230957e-11,21.51363780654435,16400.924354700033,0.0,16400.924354700033,0.0,19513.328813778622,59522.33298647063,-1203688.1162179892,97303.50048816594,103707.60160142444,-6404.101113258507,63438.83685706201,274656.96803292935,48.40141532619502,33878.28524558723,59522.33298647063,67.98129639113253,67.9812963911322,32.90390961040368,32.903909610403716,0.0,103707.60160142442,0.0,409348.6914634251
133,demo_wtest2_133,en_pv,72.0,W,18000.0,4195.4202784481795,21989.848336505645,1094.436739751088,0.0,1094.436739751088,0.0,0.0,0.0,0.0,21.51363780654435,15815.947053223867,0.0,15815.947053223867,0.0,19513.328813778622,59522.33298647063,-1203688.1162179895,94615.39231530204,103707.60160142444,-9092.209286122397,63438.83685706201,274656.96803292935,48.40141532619502,33878.28524558723,59522.33298647063,67.98129639113253,67.9812963911322,32.90390961040368,32.903909610403716,0.0,103707.60160142444,0.0,409348.6914634251
134,demo_wtest2_134,en_pv,72.0,W,18000.0,6774.572088969601,12302.554136187184,0.0,0.0,0.0,0.0,0.0,0.0,0.0,21.51363780654435,0.0,0.0,0.0,0.0,19513.328813778622,64344.83199932868,-1177159.667692998,0.0,101421.95822448545,-101421.95822448545,6945.071119167,313812.4382959242,25.03521482389404,35023.802451656265,64344.83199932868,93.22308609153048,93.22308609153042,23.33859986847834,23.338599868478383,0.0,101421.95822448545,0.0,409348.6914634251
135,demo_wtest2_135,en_pv,72.0,W,18000.0,6774.572088969601,12302.554136187184,1401.5964256370428,0.0,1401.5964256370428,0.0,0.0,0.0,0.0,21.51363780654435,22720.49018605385,0.0,22720.49018605385,0.0,19513.328813778622,64344.83199932868,-1177159.667692998,123635.43283192119,101421.95822448545,22213.474607435724,6945.071119167,313812.4382959242,25.03521482389404,35023.802451656265,64344.83199932868,93.22308609153048,93.22308609153042,23.33859986847834,23.338599868478383,0.0,101421.95822448545,0.0,409348.6914634251
136,demo_wtest2_136,en_pv,72.0,W,18000.0,6774.572088969601,12302.554136187184,1364.4283673302775,0.0,1364.4283673302775,0.0,0.0,0.0,0.0,21.51363780654435,19915.408144992896,0.0,19915.408144992896,0.0,19513.328813778622,64344.83199932868,-1177159.667692998,118154.25059277279,101421.95822448545,16732.292368287333,6945.071119167,313812.4382959242,25.03521482389404,35023.802451656265,64344.83199932868,93.22308609153048,93.22308609153042,23.33859986847834,23.338599868478383,0.0,101421.95822448545,0.0,409348.6914634251
137,demo_wtest2_137,en_pv,72.0,W,18000.0,6774.572088969601,12302.554136187184,1328.958898269176,0.0,1328.958898269176,0.0,0.0,0.0,0.0,21.51363780654435,19205.07856462898,0.0,19205.07856462898,0.0,19513.328813778622,64344.83199932868,-1177159.667692998,114890.11924000984,101421.95822448545,13468.16101552438,6945.071119167,313812.4382959242,25.03521482389404,35023.802451656265,64344.83199932868,93.22308609153048,93.22308609153042,23.33859986847834,23.338599868478383,0.0,101421.95822448545,0.0,409348.6914634251
138,demo_wtest2_138,en_pv,72.0,W,18000.0,6774.572088969601,12302.554136187184,1319.1495770701615,0.0,1319.1495770701615,0.0,0.0,0.0,0.0,21.51363780654435,21383.990763344802,0.0,21383.990763344802,0.0,19513.328813778622,64344.83199932868,-1177159.667692998,116362.76031239645,101421.95822448545,14940.802087910995,6945.071119167,313812.4382959242,25.03521482389404,35023.802451656265,64344.83199932868,93.22308609153048,93.22308609153042,23.33859986847834,23.338599868478383,0.0,101421.95822448545,0.0,409348.6914634251
139,demo_wtest2_139,en_pv,72.0,W,18000.0,6774.572088969601,12302.554136187184,1284.1678751343788,0.0,1284.1678751343788,0.0,0.0,0.0,0.0,21.51363780654435,18743.913548228607,0.0,18743.913548228607,0.0,19513.328813778622,64344.83199932868,-1177159.667692998,111204.00055790407,101421.95822448545,9782.042333418614,6945.071119167,313812.4382959242,25.03521482389404,35023.802451656265,64344.83199932868,93.22308609153048,93.22308609153042,23.33859986847834,23.338599868478383,0.0,101421.95822448545,0.0,409348.6914634251
140,demo_wtest2_140,en_pv,72.0,W,18000.0,6774.572088969601,12302.554136187184,1250.7848454298153,0.0,1250.7848454298153,0.0,0.0,0.0,0.0,21.51363780654435,18075.368060827273,0.0,18075.368060827273,0.0,19513.328813778622,64344.83199932868,-1177159.667692998,108131.87693177385,101421.95822448545,6709.9187072883915,6945.071119167,313812.4382959242,25.03521482389404,35023.802451656265,64344.83199932868,93.22308609153048,93.22308609153042,23.33859986847834,23.338599868478383,0.0,101421.95822448545,0.0,409348.6914634251
141,demo_wtest2_141,en_pv,72.0,W,18000.0,6774.572088969601,12302.554136187184,1236.7027285032739,0.0,1236.7027285032739,0.0,0.0,0.0,1.862645149230957e-11,21.51363780654435,20047.49134063575,0.0,20047.49134063575,0.0,19513.328813778622,64344.83199932868,-1177159.6676929973,109090.08779287159,101421.95822448545,7668.1295683861335,6945.071119167,313812.4382959242,25.03521482389404,35023.802451656265,64344.83199932868,93.22308609153048,93.22308609153042,23.33859986847834,23.338599868478383,0.0,101421.95822448544,0.0,409348.6914634251
142,demo_wtest2_142,en_pv,72.0,W,18000.0,6774.572088969601,12302.554136187184,1203.9073829384802,0.0,1203.9073829384802,0.0,0.0,0.0,-1.862645149230957e-11,21.51363780654435,17572.41895146432,0.0,17572.41895146432,0.0,19513.328813778622,64344.83199932868,-1177159.6676929982,104253.75052303496,101421.95822448545,2831.792298549507,6945.071119167,313812.4382959242,25.03521482389404,35023.802451656265,64344.83199932868,93.22308609153048,93.22308609153042,23.33859986847834,23.338599868478383,0.0,101421.95822448548,0.0,409348.6914634251
143,demo_wtest2_143,en_pv,72.0,W,18000.0,6774.572088969601,12302.554136187184,1172.6107925904516,0.0,1172.6107925904516,0.0,0.0,0.0,0.0,21.51363780654435,16945.657557025566,0.0,16945.657557025566,0.0,19513.328813778622,64344.83199932868,-1177159.667692998,101373.63462353824,101421.95822448545,-48.3236009472236,6945.071119167,313812.4382959242,25.03521482389404,35023.802451656265,64344.83199932868,93.22308609153048,93.22308609153042,23.33859986847834,23.338599868478383,0.0,101421.95822448545,0.0,409348.6914634251
144,demo_wtest2_144,en_pv,72.0,W,18000.0,6774.572088969601,12302.554136187184,1154.25587993639,0.0,1154.25587993639,0.0,0.0,0.0,0.0,21.51363780654435,18710.991917926698,0.0,18710.991917926698,0.0,19513.328813778622,64344.83199932868,-1177159.667692998,101817.41527334669,101421.95822448545,395.45704886123536,6945.071119167,313812.4382959242,25.03521482389404,35023.802451656265,64344.83199932868,93.22308609153048,93.22308609153042,23.33859986847834,23.338599868478383,0.0,101421.95822448545,0.0,409348.6914634251
145,demo_wtest2_145,en_pv,72.0,W,18000.0,6774.572088969601,12302.554136187184,1123.6468907425815,0.0,1123.6468907425815,0.0,0.0,0.0,0.0,21.51363780654435,16400.924354700033,0.0,16400.924354700033,0.0,19513.328813778622,64344.83199932868,-1177159.667692998,97303.50048816594,101421.95822448545,-4118.457736319527,6945.071119167,313812.4382959242,25.03521482389404,35023.802451656265,64344.83199932868,93.22308609153048,93.22308609153042,23.33859986847834,23.338599868478383,0.0,101421.95822448545,0.0,409348.6914634251
146,demo_wtest2_146,en_pv,72.0,W,18000.0,6774.572088969601,12302.554136187184,1094.436739751088,0.0,1094.436739751088,0.0,0.0,0.0,1.862645149230957e-11,21.51363780654435,15815.947053223867,0.0,15815.947053223867,0.0,19513.328813778622,64344.83199932868,-1177159.6676929973,94615.39231530204,101421.95822448545,-6806.565909183417,6945.071119167,313812.4382959242,25.03521482389404,35023.802451656265,64344.83199932868,93.22308609153048,93.22308609153042,23.33859986847834,23.338599868478383,0.0,101421.95822448544,0.0,409348.6914634251
147,demo_wtest2_147,en_pv,72.0,W,18000.0,6774.572088969601,21989.848336505645,0.0,0.0,0.0,0.0,0.0,0.0,0.0,21.51363780654435,0.0,0.0,0.0,0.0,19513.328813778622,59522.33298647063,-1233623.1869004483,0.0,106286.75341194589,-106286.75341194589,63438.83685706201,274656.96803292935,48.40141532619502,33878.28524558723,59522.33298647063,67.98129639113253,67.9812963911322,32.90390961040368,32.903909610403716,0.0,106286.75341194589,0.0,409348.6914634251
148,demo_wtest2_148,en_pv,72.0,W,18000.0,6774.572088969601,21989.848336505645,1401.5964256370428,0.0,1401.5964256370428,0.0,0.0,0.0,1.862645149230957e-11,21.51363780654435,22720.49018605385,0.0,22720.49018605385,0.0,19513.328813778622,59522.33298647063,-1233623.1869004483,123635.43283192119,106286.75341194589,17348.6794199753,63438.83685706201,274656.96803292935,48.40141532619502,33878.28524558723,59522.33298647063,67.98129639113253,67.9812963911322,32.90390961040368,32.903909610403716,0.0,106286.75341194587,0.0,409348.6914634251
149,demo_wtest2_149,en_pv,72.0,W,18000.0,6774.572088969601,21989.848336505645,1364.4283673302775,0.0,1364.4283673302775,0.0,0.0,0.0,1.862645149230957e-11,21.51363780654435,19915.408144992896,0.0,19915.408144992896,0.0,19513.328813778622,59522.33298647063,-1233623.1869004483,118154.25059277279,106286.75341194589,11867.497180826906,63438.83685706201,274656.96803292935,48.40141532619502,33878.28524558723,59522.33298647063,67.98129639113253,67.9812963911322,32.90390961040368,32.903909610403716,0.0,106286.75341194587,0.0,409348.6914634251
150,demo_wtest2_150,en_pv,72.0,W,18000.0,6774.572088969601,21989.848336505645,1328.958898269176,0.0,1328.958898269176,0.0,0.0,0.0,1.862645149230957e-11,21.51363780654435,19205.07856462898,0.0,19205.07856462898,0.0,19513.328813778622,59522.33298647063,-1233623.1869004483,114890.11924000984,106286.75341194589,8603.365828063954,63438.83685706201,274656.96803292935,48.40141532619502,33878.28524558723,59522.33298647063,67.98129639113253,67.9812963911322,32.90390961040368,32.903909610403716,0.0,106286.75341194587,0.0,409348.6914634251
151,demo_wtest2_151,en_pv,72.0,W,18000.0,6774.572088969601,21989.848336505645,1319.1495770701615,0.0,1319.1495770701615,0.0,0.0,0.0,-1.862645149230957e-11,21.51363780654435,21383.990763344802,0.0,21383.990763344802,0.0,19513.328813778622,59522.33298647063,-1233623.1869004483,116362.76031239645,106286.75341194589,10076.00690045057,63438.83685706201,274656.96803292935,48.40141532619502,33878.28524558723,59522.33298647063,67.98129639113253,67.9812963911322,32.90390961040368,32.903909610403716,0.0,106286.7534119459,0.0,409348.6914634251
152,demo_wtest2_152,en_pv,72.0,W,18000.0,6774.572088969601,21989.848336505645,1284.1678751343788,0.0,1284.1678751343788,0.0,0.0,0.0,1.862645149230957e-11,21.51363780654435,18743.913548228607,0.0,18743.913548228607,0.0,19513.328813778622,59522.33298647063,-1233623.1869004483,111204.00055790407,106286.75341194589,4917.247145958189,63438.83685706201,274656.96803292935,48.40141532619502,33878.28524558723,59522.33298647063,67.98129639113253,67.9812963911322,32.90390961040368,32.903909610403716,0.0,106286.75341194587,0.0,409348.6914634251
153,demo_wtest2_153,en_pv,72.0,W,18000.0,6774.572088969601,21989.848336505645,1250.7848454298153,0.0,1250.7848454298153,0.0,0.0,0.0,1.862645149230957e-11,21.51363780654435,18075.368060827273,0.0,18075.368060827273,0.0,19513.328813778622,59522.33298647063,-1233623.1869004483,108131.87693177385,106286.75341194589,1845.1235198279655,63438.83685706201,274656.96803292935,48.40141532619502,33878.28524558723,59522.33298647063,67.98129639113253,67.9812963911322,32.90390961040368,32.903909610403716,0.0,106286.75341194587,0.0,409348.6914634251
154,demo_wtest2_154,en_pv,72.0,W,18000.0,6774.572088969601,21989.848336505645,1236.7027285032739,0.0,1236.7027285032739,0.0,0.0,0.0,0.0,21.51363780654435,20047.49134063575,0.0,20047.49134063575,0.0,19513.328813778622,59522.33298647063,-1233623.1869004483,109090.08779287159,106286.75341194589,2803.3343809257076,63438.83685706201,274656.96803292935,48.40141532619502,33878.28524558723,59522.33298647063,67.98129639113253,67.9812963911322,32.90390961040368,32.903909610403716,0.0,106286.75341194589,0.0,409348.6914634251
155,demo_wtest2_155,en_pv,72.0,W,18000.0,6774.572088969601,21989.848336505645,1203.9073829384802,0.0,1203.9073829384802,0.0,0.0,0.0,0.0,21.51363780654435,17572.41895146432,0.0,17572.41895146432,0.0,19513.328813778622,59522.33298647063,-1233623.1869004483,104253.75052303496,106286.75341194589,-2033.0028889109194,63438.83685706201,274656.96803292935,48.40141532619502,33878.28524558723,59522.33298647063,67.98129639113253,67.9812963911322,32.90390961040368,32.903909610403716,0.0,106286.75341194589,0.0,409348.6914634251
156,demo_wtest2_156,en_pv,72.0,W,18000.0,6774.572088969601,21989.848336505645,1172.6107925904516,0.0,1172.6107925904516,0.0,0.0,0.0,1.862645149230957e-11,21.51363780654435,16945.657557025566,0.0,16945.657557025566,0.0,19513.328813778622,59522.33298647063,-1233623.1869004483,101373.63462353824,106286.75341194589,-4913.11878840765,63438.83685706201,274656.96803292935,48.40141532619502,33878.28524558723,59522.33298647063,67.98129639113253,67.9812963911322,32.90390961040368,32.903909610403716,0.0,106286.75341194587,0.0,409348.6914634251
157,demo_wtest2_157,en_pv,72.0,W,18000.0,6774.572088969601,21989.848336505645,1154.25587993639,0.0,1154.25587993639,0.0,0.0,0.0,-1.862645149230957e-11,21.51363780654435,18710.991917926698,0.0,18710.991917926698,0.0,19513.328813778622,59522.33298647063,-1233623.1869004483,101817.41527334669,106286.75341194589,-4469.338138599191,63438.83685706201,274656.96803292935,48.40141532619502,33878.28524558723,59522.33298647063,67.98129639113253,67.9812963911322,32.90390961040368,32.903909610403716,0.0,106286.7534119459,0.0,409348.6914634251
158,demo_wtest2_158,en_pv,72.0,W,18000.0,6774.572088969601,21989.848336505645,1123.6468907425815,0.0,1123.6468907425815,0.0,0.0,0.0,-1.862645149230957e-11,21.51363780654435,16400.924354700033,0.0,16400.924354700033,0.0,19513.328813778622,59522.33298647063,-1233623.1869004483,97303.50048816594,106286.75341194589,-8983.252923779954,63438.83685706201,274656.96803292935,48.40141532619502,33878.28524558723,59522.33298647063,67.98129639113253,67.9812963911322,32.90390961040368,32.903909610403716,0.0,106286.7534119459,0.0,409348.6914634251
159,demo_wtest2_159,en_pv,72.0,W,18000.0,6774.572088969601,21989.848336505645,1094.436739751088,0.0,1094.436739751088,0.0,0.0,0.0,0.0,21.51363780654435,15815.947053223867,0.0,15815.947053223867,0.0,19513.328813778622,59522.33298647063,-1233623.1869004483,94615.39231530204,106286.75341194589,-11671.361096643843,63438.83685706201,274656.96803292935,48.40141532619502,33878.28524558723,59522.33298647063,67.98129639113253,67.9812963911322,32.90390961040368,32.903909610403716,0.0,106286.75341194589,0.0,409348.6914634251
